"0","#select variables which are iteratable through hist_func function"
"0","data_for_iterat <- data_clean %>%"
"0","  select(5:11)"
"0",""
"0","#for loop, but does not work..."
"0","for (var in 1:ncol(data_for_iterat)) {"
"0","  hist_func(data_for_iterat,var)"
"0","}"
"0",""
"0","#alternative from stackoverflow"
"0","op <- par(mfrow=c(4, 2))  # to put histograms side by side"
"0","lapply(seq(data_for_iterat), function(x) "
"0","  hist(x=data_for_iterat[[x]], xlab=names(data_for_iterat)[x], main=paste(""Histogram"", names(data_for_iterat)[x]), breaks = 200))"
"1","[[1]]
"
"1","$breaks
"
"1","  [1]"
"1","   200000"
"1","   400000"
"1","   600000"
"1","   800000"
"1","  1000000"
"1","  1200000"
"1","  1400000"
"1","  1600000"
"1","  1800000"
"1","  2000000"
"1","  2200000"
"1","  2400000"
"1","  2600000"
"1","  2800000"
"1","  3000000"
"1","  3200000"
"1","  3400000"
"1","  3600000"
"1","  3800000"
"1","  4000000"
"1","  4200000"
"1","
"
"1"," [22]"
"1","  4400000"
"1","  4600000"
"1","  4800000"
"1","  5000000"
"1","  5200000"
"1","  5400000"
"1","  5600000"
"1","  5800000"
"1","  6000000"
"1","  6200000"
"1","  6400000"
"1","  6600000"
"1","  6800000"
"1","  7000000"
"1","  7200000"
"1","  7400000"
"1","  7600000"
"1","  7800000"
"1","  8000000"
"1","  8200000"
"1","  8400000"
"1","
"
"1"," [43]"
"1","  8600000"
"1","  8800000"
"1","  9000000"
"1","  9200000"
"1","  9400000"
"1","  9600000"
"1","  9800000"
"1"," 10000000"
"1"," 10200000"
"1"," 10400000"
"1"," 10600000"
"1"," 10800000"
"1"," 11000000"
"1"," 11200000"
"1"," 11400000"
"1"," 11600000"
"1"," 11800000"
"1"," 12000000"
"1"," 12200000"
"1"," 12400000"
"1"," 12600000"
"1","
"
"1"," [64]"
"1"," 12800000"
"1"," 13000000"
"1"," 13200000"
"1"," 13400000"
"1"," 13600000"
"1"," 13800000"
"1"," 14000000"
"1"," 14200000"
"1"," 14400000"
"1"," 14600000"
"1"," 14800000"
"1"," 15000000"
"1"," 15200000"
"1"," 15400000"
"1"," 15600000"
"1"," 15800000"
"1"," 16000000"
"1"," 16200000"
"1"," 16400000"
"1"," 16600000"
"1"," 16800000"
"1","
"
"1"," [85]"
"1"," 17000000"
"1"," 17200000"
"1"," 17400000"
"1"," 17600000"
"1"," 17800000"
"1"," 18000000"
"1"," 18200000"
"1"," 18400000"
"1"," 18600000"
"1"," 18800000"
"1"," 19000000"
"1"," 19200000"
"1"," 19400000"
"1"," 19600000"
"1"," 19800000"
"1"," 20000000"
"1"," 20200000"
"1"," 20400000"
"1"," 20600000"
"1"," 20800000"
"1"," 21000000"
"1","
"
"1","[106]"
"1"," 21200000"
"1"," 21400000"
"1"," 21600000"
"1"," 21800000"
"1"," 22000000"
"1"," 22200000"
"1"," 22400000"
"1"," 22600000"
"1"," 22800000"
"1"," 23000000"
"1"," 23200000"
"1"," 23400000"
"1"," 23600000"
"1"," 23800000"
"1"," 24000000"
"1"," 24200000"
"1"," 24400000"
"1"," 24600000"
"1"," 24800000"
"1"," 25000000"
"1"," 25200000"
"1","
"
"1","[127]"
"1"," 25400000"
"1"," 25600000"
"1"," 25800000"
"1"," 26000000"
"1"," 26200000"
"1"," 26400000"
"1"," 26600000"
"1"," 26800000"
"1"," 27000000"
"1"," 27200000"
"1"," 27400000"
"1"," 27600000"
"1"," 27800000"
"1"," 28000000"
"1"," 28200000"
"1"," 28400000"
"1"," 28600000"
"1"," 28800000"
"1"," 29000000"
"1"," 29200000"
"1"," 29400000"
"1","
"
"1","[148]"
"1"," 29600000"
"1"," 29800000"
"1"," 30000000"
"1"," 30200000"
"1"," 30400000"
"1"," 30600000"
"1"," 30800000"
"1"," 31000000"
"1"," 31200000"
"1"," 31400000"
"1","
"
"1","
"
"1","$counts
"
"1","  [1]"
"1","  688"
"1"," 3037"
"1"," 1611"
"1"," 1465"
"1"," 1248"
"1","  534"
"1","  959"
"1","  611"
"1","  666"
"1"," 1116"
"1"," 1068"
"1","  850"
"1","  627"
"1","  691"
"1","  799"
"1","  760"
"1","  834"
"1","  602"
"1","  677"
"1","  619"
"1","  594"
"1","  620"
"1","  629"
"1","  452"
"1","  339"
"1","  337"
"1","  337"
"1","  324"
"1","  309"
"1","  259"
"1","  221"
"1","  260"
"1","  425"
"1","  226"
"1","  193"
"1","  207"
"1","  177"
"1","  225"
"1","
"
"1"," [39]"
"1","  220"
"1","  289"
"1","  148"
"1","  171"
"1","  157"
"1","  181"
"1","  201"
"1","  255"
"1","  152"
"1","   95"
"1","  108"
"1","  180"
"1","   76"
"1","   67"
"1","   18"
"1","   17"
"1","   18"
"1","   19"
"1","   21"
"1","   21"
"1","   27"
"1","   38"
"1","   17"
"1","   19"
"1","   20"
"1","   19"
"1","   21"
"1","   83"
"1","   47"
"1","   67"
"1","   37"
"1","   86"
"1","   60"
"1","   59"
"1","   41"
"1","   38"
"1","   46"
"1","   55"
"1","
"
"1"," [77]"
"1","   46"
"1","   72"
"1","   34"
"1","   49"
"1","   54"
"1","   20"
"1","   24"
"1","   20"
"1","   22"
"1","   22"
"1","   21"
"1","   22"
"1","   21"
"1","   19"
"1","   16"
"1","   11"
"1","   14"
"1","   12"
"1","   12"
"1","   11"
"1","   12"
"1","   12"
"1","   12"
"1","   11"
"1","   11"
"1","   11"
"1","   11"
"1","   13"
"1","   15"
"1","   14"
"1","   11"
"1","   10"
"1","    7"
"1","    4"
"1","    8"
"1","   14"
"1","   17"
"1","   13"
"1","
"
"1","[115]"
"1","   34"
"1","   20"
"1","    7"
"1","    6"
"1","    6"
"1","    5"
"1","    5"
"1","    6"
"1","    5"
"1","    7"
"1","    6"
"1","    5"
"1","    6"
"1","    7"
"1","    7"
"1","    8"
"1","    8"
"1","    8"
"1","   11"
"1","    9"
"1","    9"
"1","    8"
"1","    7"
"1","    7"
"1","    7"
"1","    7"
"1","    0"
"1","    3"
"1","    6"
"1","    8"
"1","    7"
"1","    7"
"1","    7"
"1","    7"
"1","    7"
"1","    8"
"1","    8"
"1","    8"
"1","
"
"1","[153]"
"1","   11"
"1","   15"
"1","   44"
"1","    7"
"1","
"
"1","
"
"1","$density
"
"1","  [1]"
"1"," 1.150810e-07"
"1"," 5.079955e-07"
"1"," 2.694701e-07"
"1"," 2.450488e-07"
"1"," 2.087515e-07"
"1"," 8.932156e-08"
"1"," 1.604108e-07"
"1"," 1.022013e-07"
"1"," 1.114010e-07"
"1"," 1.866720e-07"
"1"," 1.786431e-07"
"1"," 1.421785e-07"
"1"," 1.048776e-07"
"1"," 1.155828e-07"
"1","
"
"1"," [15]"
"1"," 1.336478e-07"
"1"," 1.271243e-07"
"1"," 1.395022e-07"
"1"," 1.006958e-07"
"1"," 1.132410e-07"
"1"," 1.035394e-07"
"1"," 9.935769e-08"
"1"," 1.037067e-07"
"1"," 1.052121e-07"
"1"," 7.560551e-08"
"1"," 5.670413e-08"
"1"," 5.636960e-08"
"1"," 5.636960e-08"
"1"," 5.419510e-08"
"1","
"
"1"," [29]"
"1"," 5.168607e-08"
"1"," 4.332263e-08"
"1"," 3.696641e-08"
"1"," 4.348990e-08"
"1"," 7.108925e-08"
"1"," 3.780276e-08"
"1"," 3.228289e-08"
"1"," 3.462465e-08"
"1"," 2.960658e-08"
"1"," 3.763549e-08"
"1"," 3.679914e-08"
"1"," 4.834069e-08"
"1"," 2.475579e-08"
"1"," 2.860297e-08"
"1","
"
"1"," [43]"
"1"," 2.626121e-08"
"1"," 3.027566e-08"
"1"," 3.362104e-08"
"1"," 4.265355e-08"
"1"," 2.542486e-08"
"1"," 1.589054e-08"
"1"," 1.806503e-08"
"1"," 3.010839e-08"
"1"," 1.271243e-08"
"1"," 1.120701e-08"
"1"," 3.010839e-09"
"1"," 2.843570e-09"
"1"," 3.010839e-09"
"1"," 3.178108e-09"
"1","
"
"1"," [57]"
"1"," 3.512646e-09"
"1"," 3.512646e-09"
"1"," 4.516259e-09"
"1"," 6.356216e-09"
"1"," 2.843570e-09"
"1"," 3.178108e-09"
"1"," 3.345377e-09"
"1"," 3.178108e-09"
"1"," 3.512646e-09"
"1"," 1.388331e-08"
"1"," 7.861635e-09"
"1"," 1.120701e-08"
"1"," 6.188947e-09"
"1"," 1.438512e-08"
"1","
"
"1"," [71]"
"1"," 1.003613e-08"
"1"," 9.868861e-09"
"1"," 6.858022e-09"
"1"," 6.356216e-09"
"1"," 7.694366e-09"
"1"," 9.199786e-09"
"1"," 7.694366e-09"
"1"," 1.204336e-08"
"1"," 5.687140e-09"
"1"," 8.196173e-09"
"1"," 9.032517e-09"
"1"," 3.345377e-09"
"1"," 4.014452e-09"
"1"," 3.345377e-09"
"1","
"
"1"," [85]"
"1"," 3.679914e-09"
"1"," 3.679914e-09"
"1"," 3.512646e-09"
"1"," 3.679914e-09"
"1"," 3.512646e-09"
"1"," 3.178108e-09"
"1"," 2.676301e-09"
"1"," 1.839957e-09"
"1"," 2.341764e-09"
"1"," 2.007226e-09"
"1"," 2.007226e-09"
"1"," 1.839957e-09"
"1"," 2.007226e-09"
"1"," 2.007226e-09"
"1","
"
"1"," [99]"
"1"," 2.007226e-09"
"1"," 1.839957e-09"
"1"," 1.839957e-09"
"1"," 1.839957e-09"
"1"," 1.839957e-09"
"1"," 2.174495e-09"
"1"," 2.509033e-09"
"1"," 2.341764e-09"
"1"," 1.839957e-09"
"1"," 1.672688e-09"
"1"," 1.170882e-09"
"1"," 6.690753e-10"
"1"," 1.338151e-09"
"1"," 2.341764e-09"
"1","
"
"1","[113]"
"1"," 2.843570e-09"
"1"," 2.174495e-09"
"1"," 5.687140e-09"
"1"," 3.345377e-09"
"1"," 1.170882e-09"
"1"," 1.003613e-09"
"1"," 1.003613e-09"
"1"," 8.363442e-10"
"1"," 8.363442e-10"
"1"," 1.003613e-09"
"1"," 8.363442e-10"
"1"," 1.170882e-09"
"1"," 1.003613e-09"
"1"," 8.363442e-10"
"1","
"
"1","[127]"
"1"," 1.003613e-09"
"1"," 1.170882e-09"
"1"," 1.170882e-09"
"1"," 1.338151e-09"
"1"," 1.338151e-09"
"1"," 1.338151e-09"
"1"," 1.839957e-09"
"1"," 1.505420e-09"
"1"," 1.505420e-09"
"1"," 1.338151e-09"
"1"," 1.170882e-09"
"1"," 1.170882e-09"
"1"," 1.170882e-09"
"1"," 1.170882e-09"
"1","
"
"1","[141]"
"1"," 0.000000e+00"
"1"," 5.018065e-10"
"1"," 1.003613e-09"
"1"," 1.338151e-09"
"1"," 1.170882e-09"
"1"," 1.170882e-09"
"1"," 1.170882e-09"
"1"," 1.170882e-09"
"1"," 1.170882e-09"
"1"," 1.338151e-09"
"1"," 1.338151e-09"
"1"," 1.338151e-09"
"1"," 1.839957e-09"
"1"," 2.509033e-09"
"1","
"
"1","[155]"
"1"," 7.359829e-09"
"1"," 1.170882e-09"
"1","
"
"1","
"
"1","$mids
"
"1","  [1]"
"1","   300000"
"1","   500000"
"1","   700000"
"1","   900000"
"1","  1100000"
"1","  1300000"
"1","  1500000"
"1","  1700000"
"1","  1900000"
"1","  2100000"
"1","  2300000"
"1","  2500000"
"1","  2700000"
"1","  2900000"
"1","  3100000"
"1","  3300000"
"1","  3500000"
"1","  3700000"
"1","  3900000"
"1","  4100000"
"1","  4300000"
"1","
"
"1"," [22]"
"1","  4500000"
"1","  4700000"
"1","  4900000"
"1","  5100000"
"1","  5300000"
"1","  5500000"
"1","  5700000"
"1","  5900000"
"1","  6100000"
"1","  6300000"
"1","  6500000"
"1","  6700000"
"1","  6900000"
"1","  7100000"
"1","  7300000"
"1","  7500000"
"1","  7700000"
"1","  7900000"
"1","  8100000"
"1","  8300000"
"1","  8500000"
"1","
"
"1"," [43]"
"1","  8700000"
"1","  8900000"
"1","  9100000"
"1","  9300000"
"1","  9500000"
"1","  9700000"
"1","  9900000"
"1"," 10100000"
"1"," 10300000"
"1"," 10500000"
"1"," 10700000"
"1"," 10900000"
"1"," 11100000"
"1"," 11300000"
"1"," 11500000"
"1"," 11700000"
"1"," 11900000"
"1"," 12100000"
"1"," 12300000"
"1"," 12500000"
"1"," 12700000"
"1","
"
"1"," [64]"
"1"," 12900000"
"1"," 13100000"
"1"," 13300000"
"1"," 13500000"
"1"," 13700000"
"1"," 13900000"
"1"," 14100000"
"1"," 14300000"
"1"," 14500000"
"1"," 14700000"
"1"," 14900000"
"1"," 15100000"
"1"," 15300000"
"1"," 15500000"
"1"," 15700000"
"1"," 15900000"
"1"," 16100000"
"1"," 16300000"
"1"," 16500000"
"1"," 16700000"
"1"," 16900000"
"1","
"
"1"," [85]"
"1"," 17100000"
"1"," 17300000"
"1"," 17500000"
"1"," 17700000"
"1"," 17900000"
"1"," 18100000"
"1"," 18300000"
"1"," 18500000"
"1"," 18700000"
"1"," 18900000"
"1"," 19100000"
"1"," 19300000"
"1"," 19500000"
"1"," 19700000"
"1"," 19900000"
"1"," 20100000"
"1"," 20300000"
"1"," 20500000"
"1"," 20700000"
"1"," 20900000"
"1"," 21100000"
"1","
"
"1","[106]"
"1"," 21300000"
"1"," 21500000"
"1"," 21700000"
"1"," 21900000"
"1"," 22100000"
"1"," 22300000"
"1"," 22500000"
"1"," 22700000"
"1"," 22900000"
"1"," 23100000"
"1"," 23300000"
"1"," 23500000"
"1"," 23700000"
"1"," 23900000"
"1"," 24100000"
"1"," 24300000"
"1"," 24500000"
"1"," 24700000"
"1"," 24900000"
"1"," 25100000"
"1"," 25300000"
"1","
"
"1","[127]"
"1"," 25500000"
"1"," 25700000"
"1"," 25900000"
"1"," 26100000"
"1"," 26300000"
"1"," 26500000"
"1"," 26700000"
"1"," 26900000"
"1"," 27100000"
"1"," 27300000"
"1"," 27500000"
"1"," 27700000"
"1"," 27900000"
"1"," 28100000"
"1"," 28300000"
"1"," 28500000"
"1"," 28700000"
"1"," 28900000"
"1"," 29100000"
"1"," 29300000"
"1"," 29500000"
"1","
"
"1","[148]"
"1"," 29700000"
"1"," 29900000"
"1"," 30100000"
"1"," 30300000"
"1"," 30500000"
"1"," 30700000"
"1"," 30900000"
"1"," 31100000"
"1"," 31300000"
"1","
"
"1","
"
"1","$xname
"
"1","[1]"
"1"," ""data_for_iterat[[x]]"""
"1","
"
"1","
"
"1","$equidist
"
"1","[1]"
"1"," TRUE"
"1","
"
"1","
"
"1","attr(,""class"")"
"1","
"
"1","[1]"
"1"," ""histogram"""
"1","
"
"1","
"
"1","[[2]]
"
"1","$breaks
"
"1","  [1]"
"1","   100000"
"1","   200000"
"1","   300000"
"1","   400000"
"1","   500000"
"1","   600000"
"1","   700000"
"1","   800000"
"1","   900000"
"1","  1000000"
"1","  1100000"
"1","  1200000"
"1","  1300000"
"1","  1400000"
"1","  1500000"
"1","  1600000"
"1","  1700000"
"1","  1800000"
"1","  1900000"
"1","  2000000"
"1","  2100000"
"1","
"
"1"," [22]"
"1","  2200000"
"1","  2300000"
"1","  2400000"
"1","  2500000"
"1","  2600000"
"1","  2700000"
"1","  2800000"
"1","  2900000"
"1","  3000000"
"1","  3100000"
"1","  3200000"
"1","  3300000"
"1","  3400000"
"1","  3500000"
"1","  3600000"
"1","  3700000"
"1","  3800000"
"1","  3900000"
"1","  4000000"
"1","  4100000"
"1","  4200000"
"1","
"
"1"," [43]"
"1","  4300000"
"1","  4400000"
"1","  4500000"
"1","  4600000"
"1","  4700000"
"1","  4800000"
"1","  4900000"
"1","  5000000"
"1","  5100000"
"1","  5200000"
"1","  5300000"
"1","  5400000"
"1","  5500000"
"1","  5600000"
"1","  5700000"
"1","  5800000"
"1","  5900000"
"1","  6000000"
"1","  6100000"
"1","  6200000"
"1","  6300000"
"1","
"
"1"," [64]"
"1","  6400000"
"1","  6500000"
"1","  6600000"
"1","  6700000"
"1","  6800000"
"1","  6900000"
"1","  7000000"
"1","  7100000"
"1","  7200000"
"1","  7300000"
"1","  7400000"
"1","  7500000"
"1","  7600000"
"1","  7700000"
"1","  7800000"
"1","  7900000"
"1","  8000000"
"1","  8100000"
"1","  8200000"
"1","  8300000"
"1","  8400000"
"1","
"
"1"," [85]"
"1","  8500000"
"1","  8600000"
"1","  8700000"
"1","  8800000"
"1","  8900000"
"1","  9000000"
"1","  9100000"
"1","  9200000"
"1","  9300000"
"1","  9400000"
"1","  9500000"
"1","  9600000"
"1","  9700000"
"1","  9800000"
"1","  9900000"
"1"," 10000000"
"1"," 10100000"
"1"," 10200000"
"1"," 10300000"
"1"," 10400000"
"1"," 10500000"
"1","
"
"1","[106]"
"1"," 10600000"
"1"," 10700000"
"1"," 10800000"
"1"," 10900000"
"1"," 11000000"
"1"," 11100000"
"1"," 11200000"
"1"," 11300000"
"1"," 11400000"
"1"," 11500000"
"1"," 11600000"
"1"," 11700000"
"1"," 11800000"
"1"," 11900000"
"1"," 12000000"
"1"," 12100000"
"1"," 12200000"
"1"," 12300000"
"1"," 12400000"
"1"," 12500000"
"1"," 12600000"
"1","
"
"1","[127]"
"1"," 12700000"
"1"," 12800000"
"1"," 12900000"
"1"," 13000000"
"1"," 13100000"
"1"," 13200000"
"1"," 13300000"
"1"," 13400000"
"1"," 13500000"
"1"," 13600000"
"1"," 13700000"
"1"," 13800000"
"1"," 13900000"
"1"," 14000000"
"1"," 14100000"
"1"," 14200000"
"1"," 14300000"
"1"," 14400000"
"1"," 14500000"
"1"," 14600000"
"1"," 14700000"
"1","
"
"1","[148]"
"1"," 14800000"
"1"," 14900000"
"1"," 15000000"
"1"," 15100000"
"1"," 15200000"
"1"," 15300000"
"1"," 15400000"
"1"," 15500000"
"1"," 15600000"
"1"," 15700000"
"1"," 15800000"
"1"," 15900000"
"1"," 16000000"
"1"," 16100000"
"1"," 16200000"
"1"," 16300000"
"1"," 16400000"
"1"," 16500000"
"1"," 16600000"
"1"," 16700000"
"1"," 16800000"
"1","
"
"1","[169]"
"1"," 16900000"
"1"," 17000000"
"1"," 17100000"
"1"," 17200000"
"1"," 17300000"
"1"," 17400000"
"1"," 17500000"
"1"," 17600000"
"1"," 17700000"
"1"," 17800000"
"1"," 17900000"
"1"," 18000000"
"1"," 18100000"
"1"," 18200000"
"1"," 18300000"
"1"," 18400000"
"1"," 18500000"
"1"," 18600000"
"1"," 18700000"
"1"," 18800000"
"1"," 18900000"
"1","
"
"1","[190]"
"1"," 19000000"
"1"," 19100000"
"1"," 19200000"
"1"," 19300000"
"1"," 19400000"
"1"," 19500000"
"1"," 19600000"
"1"," 19700000"
"1","
"
"1","
"
"1","$counts
"
"1","  [1]"
"1","   90"
"1","  936"
"1"," 2393"
"1"," 1589"
"1"," 1137"
"1"," 1089"
"1"," 1208"
"1","  463"
"1","  565"
"1","  425"
"1","  407"
"1","  657"
"1","  816"
"1","  637"
"1","  619"
"1","  671"
"1","  735"
"1","  633"
"1","  704"
"1","  662"
"1","  656"
"1","  366"
"1","  366"
"1","  262"
"1","  258"
"1","  347"
"1","  441"
"1","  444"
"1","  448"
"1","  983"
"1","  629"
"1","  349"
"1","  379"
"1","  345"
"1","  202"
"1","  183"
"1","  200"
"1","  158"
"1","
"
"1"," [39]"
"1","  200"
"1","  212"
"1","  146"
"1","  297"
"1","  230"
"1","  177"
"1","  190"
"1","  193"
"1","  314"
"1","  167"
"1","  216"
"1","  178"
"1","  207"
"1","   71"
"1","   49"
"1","  121"
"1","   83"
"1","  112"
"1","  184"
"1","  190"
"1","   95"
"1","  107"
"1","   75"
"1","   74"
"1","  136"
"1","  187"
"1","  180"
"1","   45"
"1","   18"
"1","    9"
"1","   10"
"1","   18"
"1","   12"
"1","   10"
"1","    8"
"1","   13"
"1","   12"
"1","   27"
"1","
"
"1"," [77]"
"1","   26"
"1","   11"
"1","   47"
"1","   70"
"1","   34"
"1","   17"
"1","   25"
"1","   37"
"1","   23"
"1","   45"
"1","   61"
"1","   23"
"1","   22"
"1","   53"
"1","   56"
"1","   39"
"1","   41"
"1","   35"
"1","  121"
"1","   70"
"1","   20"
"1","   49"
"1","   28"
"1","   15"
"1","   25"
"1","   19"
"1","   27"
"1","   10"
"1","   12"
"1","   10"
"1","   10"
"1","   14"
"1","   19"
"1","    8"
"1","   13"
"1","   11"
"1","    8"
"1","   16"
"1","
"
"1","[115]"
"1","    9"
"1","   11"
"1","   14"
"1","    5"
"1","    5"
"1","    9"
"1","    6"
"1","   16"
"1","   12"
"1","    7"
"1","   12"
"1","    8"
"1","   10"
"1","   10"
"1","   12"
"1","   19"
"1","    7"
"1","    6"
"1","    8"
"1","   14"
"1","    9"
"1","    6"
"1","   11"
"1","   11"
"1","    9"
"1","   10"
"1","    8"
"1","    5"
"1","    7"
"1","    6"
"1","    5"
"1","   10"
"1","    4"
"1","    0"
"1","    0"
"1","    1"
"1","   23"
"1","   42"
"1","
"
"1","[153]"
"1","   12"
"1","    3"
"1","    3"
"1","    3"
"1","    3"
"1","    3"
"1","    3"
"1","    3"
"1","    4"
"1","    3"
"1","    7"
"1","    3"
"1","    3"
"1","    2"
"1","    3"
"1","    5"
"1","    2"
"1","    9"
"1","    4"
"1","   24"
"1","    8"
"1","    8"
"1","   11"
"1","    6"
"1","    3"
"1","    6"
"1","    4"
"1","    5"
"1","    4"
"1","    9"
"1","   26"
"1","   14"
"1","   19"
"1","    8"
"1","   10"
"1","   12"
"1","    8"
"1","   15"
"1","
"
"1","[191]"
"1","    9"
"1","   24"
"1","   12"
"1","    3"
"1","    3"
"1","    1"
"1","
"
"1","
"
"1","$density
"
"1","  [1]"
"1"," 3.010839e-08"
"1"," 3.131273e-07"
"1"," 8.005486e-07"
"1"," 5.315804e-07"
"1"," 3.803693e-07"
"1"," 3.643115e-07"
"1"," 4.041215e-07"
"1"," 1.548909e-07"
"1"," 1.890138e-07"
"1"," 1.421785e-07"
"1"," 1.361568e-07"
"1"," 2.197912e-07"
"1"," 2.729827e-07"
"1"," 2.131005e-07"
"1","
"
"1"," [15]"
"1"," 2.070788e-07"
"1"," 2.244748e-07"
"1"," 2.458852e-07"
"1"," 2.117623e-07"
"1"," 2.355145e-07"
"1"," 2.214639e-07"
"1"," 2.194567e-07"
"1"," 1.224408e-07"
"1"," 1.224408e-07"
"1"," 8.764887e-08"
"1"," 8.631072e-08"
"1"," 1.160846e-07"
"1"," 1.475311e-07"
"1"," 1.485347e-07"
"1","
"
"1"," [29]"
"1"," 1.498729e-07"
"1"," 3.288505e-07"
"1"," 2.104242e-07"
"1"," 1.167536e-07"
"1"," 1.267898e-07"
"1"," 1.154155e-07"
"1"," 6.757661e-08"
"1"," 6.122039e-08"
"1"," 6.690753e-08"
"1"," 5.285695e-08"
"1"," 6.690753e-08"
"1"," 7.092199e-08"
"1"," 4.884250e-08"
"1"," 9.935769e-08"
"1","
"
"1"," [43]"
"1"," 7.694366e-08"
"1"," 5.921317e-08"
"1"," 6.356216e-08"
"1"," 6.456577e-08"
"1"," 1.050448e-07"
"1"," 5.586779e-08"
"1"," 7.226014e-08"
"1"," 5.954771e-08"
"1"," 6.924930e-08"
"1"," 2.375217e-08"
"1"," 1.639235e-08"
"1"," 4.047906e-08"
"1"," 2.776663e-08"
"1"," 3.746822e-08"
"1","
"
"1"," [57]"
"1"," 6.155493e-08"
"1"," 6.356216e-08"
"1"," 3.178108e-08"
"1"," 3.579553e-08"
"1"," 2.509033e-08"
"1"," 2.475579e-08"
"1"," 4.549712e-08"
"1"," 6.255854e-08"
"1"," 6.021678e-08"
"1"," 1.505420e-08"
"1"," 6.021678e-09"
"1"," 3.010839e-09"
"1"," 3.345377e-09"
"1"," 6.021678e-09"
"1","
"
"1"," [71]"
"1"," 4.014452e-09"
"1"," 3.345377e-09"
"1"," 2.676301e-09"
"1"," 4.348990e-09"
"1"," 4.014452e-09"
"1"," 9.032517e-09"
"1"," 8.697979e-09"
"1"," 3.679914e-09"
"1"," 1.572327e-08"
"1"," 2.341764e-08"
"1"," 1.137428e-08"
"1"," 5.687140e-09"
"1"," 8.363442e-09"
"1"," 1.237789e-08"
"1","
"
"1"," [85]"
"1"," 7.694366e-09"
"1"," 1.505420e-08"
"1"," 2.040680e-08"
"1"," 7.694366e-09"
"1"," 7.359829e-09"
"1"," 1.773050e-08"
"1"," 1.873411e-08"
"1"," 1.304697e-08"
"1"," 1.371604e-08"
"1"," 1.170882e-08"
"1"," 4.047906e-08"
"1"," 2.341764e-08"
"1"," 6.690753e-09"
"1"," 1.639235e-08"
"1","
"
"1"," [99]"
"1"," 9.367055e-09"
"1"," 5.018065e-09"
"1"," 8.363442e-09"
"1"," 6.356216e-09"
"1"," 9.032517e-09"
"1"," 3.345377e-09"
"1"," 4.014452e-09"
"1"," 3.345377e-09"
"1"," 3.345377e-09"
"1"," 4.683527e-09"
"1"," 6.356216e-09"
"1"," 2.676301e-09"
"1"," 4.348990e-09"
"1"," 3.679914e-09"
"1","
"
"1","[113]"
"1"," 2.676301e-09"
"1"," 5.352603e-09"
"1"," 3.010839e-09"
"1"," 3.679914e-09"
"1"," 4.683527e-09"
"1"," 1.672688e-09"
"1"," 1.672688e-09"
"1"," 3.010839e-09"
"1"," 2.007226e-09"
"1"," 5.352603e-09"
"1"," 4.014452e-09"
"1"," 2.341764e-09"
"1"," 4.014452e-09"
"1"," 2.676301e-09"
"1","
"
"1","[127]"
"1"," 3.345377e-09"
"1"," 3.345377e-09"
"1"," 4.014452e-09"
"1"," 6.356216e-09"
"1"," 2.341764e-09"
"1"," 2.007226e-09"
"1"," 2.676301e-09"
"1"," 4.683527e-09"
"1"," 3.010839e-09"
"1"," 2.007226e-09"
"1"," 3.679914e-09"
"1"," 3.679914e-09"
"1"," 3.010839e-09"
"1"," 3.345377e-09"
"1","
"
"1","[141]"
"1"," 2.676301e-09"
"1"," 1.672688e-09"
"1"," 2.341764e-09"
"1"," 2.007226e-09"
"1"," 1.672688e-09"
"1"," 3.345377e-09"
"1"," 1.338151e-09"
"1"," 0.000000e+00"
"1"," 0.000000e+00"
"1"," 3.345377e-10"
"1"," 7.694366e-09"
"1"," 1.405058e-08"
"1"," 4.014452e-09"
"1"," 1.003613e-09"
"1","
"
"1","[155]"
"1"," 1.003613e-09"
"1"," 1.003613e-09"
"1"," 1.003613e-09"
"1"," 1.003613e-09"
"1"," 1.003613e-09"
"1"," 1.003613e-09"
"1"," 1.338151e-09"
"1"," 1.003613e-09"
"1"," 2.341764e-09"
"1"," 1.003613e-09"
"1"," 1.003613e-09"
"1"," 6.690753e-10"
"1"," 1.003613e-09"
"1"," 1.672688e-09"
"1","
"
"1","[169]"
"1"," 6.690753e-10"
"1"," 3.010839e-09"
"1"," 1.338151e-09"
"1"," 8.028904e-09"
"1"," 2.676301e-09"
"1"," 2.676301e-09"
"1"," 3.679914e-09"
"1"," 2.007226e-09"
"1"," 1.003613e-09"
"1"," 2.007226e-09"
"1"," 1.338151e-09"
"1"," 1.672688e-09"
"1"," 1.338151e-09"
"1"," 3.010839e-09"
"1","
"
"1","[183]"
"1"," 8.697979e-09"
"1"," 4.683527e-09"
"1"," 6.356216e-09"
"1"," 2.676301e-09"
"1"," 3.345377e-09"
"1"," 4.014452e-09"
"1"," 2.676301e-09"
"1"," 5.018065e-09"
"1"," 3.010839e-09"
"1"," 8.028904e-09"
"1"," 4.014452e-09"
"1"," 1.003613e-09"
"1"," 1.003613e-09"
"1"," 3.345377e-10"
"1","
"
"1","
"
"1","$mids
"
"1","  [1]"
"1","   150000"
"1","   250000"
"1","   350000"
"1","   450000"
"1","   550000"
"1","   650000"
"1","   750000"
"1","   850000"
"1","   950000"
"1","  1050000"
"1","  1150000"
"1","  1250000"
"1","  1350000"
"1","  1450000"
"1","  1550000"
"1","  1650000"
"1","  1750000"
"1","  1850000"
"1","  1950000"
"1","  2050000"
"1","  2150000"
"1","
"
"1"," [22]"
"1","  2250000"
"1","  2350000"
"1","  2450000"
"1","  2550000"
"1","  2650000"
"1","  2750000"
"1","  2850000"
"1","  2950000"
"1","  3050000"
"1","  3150000"
"1","  3250000"
"1","  3350000"
"1","  3450000"
"1","  3550000"
"1","  3650000"
"1","  3750000"
"1","  3850000"
"1","  3950000"
"1","  4050000"
"1","  4150000"
"1","  4250000"
"1","
"
"1"," [43]"
"1","  4350000"
"1","  4450000"
"1","  4550000"
"1","  4650000"
"1","  4750000"
"1","  4850000"
"1","  4950000"
"1","  5050000"
"1","  5150000"
"1","  5250000"
"1","  5350000"
"1","  5450000"
"1","  5550000"
"1","  5650000"
"1","  5750000"
"1","  5850000"
"1","  5950000"
"1","  6050000"
"1","  6150000"
"1","  6250000"
"1","  6350000"
"1","
"
"1"," [64]"
"1","  6450000"
"1","  6550000"
"1","  6650000"
"1","  6750000"
"1","  6850000"
"1","  6950000"
"1","  7050000"
"1","  7150000"
"1","  7250000"
"1","  7350000"
"1","  7450000"
"1","  7550000"
"1","  7650000"
"1","  7750000"
"1","  7850000"
"1","  7950000"
"1","  8050000"
"1","  8150000"
"1","  8250000"
"1","  8350000"
"1","  8450000"
"1","
"
"1"," [85]"
"1","  8550000"
"1","  8650000"
"1","  8750000"
"1","  8850000"
"1","  8950000"
"1","  9050000"
"1","  9150000"
"1","  9250000"
"1","  9350000"
"1","  9450000"
"1","  9550000"
"1","  9650000"
"1","  9750000"
"1","  9850000"
"1","  9950000"
"1"," 10050000"
"1"," 10150000"
"1"," 10250000"
"1"," 10350000"
"1"," 10450000"
"1"," 10550000"
"1","
"
"1","[106]"
"1"," 10650000"
"1"," 10750000"
"1"," 10850000"
"1"," 10950000"
"1"," 11050000"
"1"," 11150000"
"1"," 11250000"
"1"," 11350000"
"1"," 11450000"
"1"," 11550000"
"1"," 11650000"
"1"," 11750000"
"1"," 11850000"
"1"," 11950000"
"1"," 12050000"
"1"," 12150000"
"1"," 12250000"
"1"," 12350000"
"1"," 12450000"
"1"," 12550000"
"1"," 12650000"
"1","
"
"1","[127]"
"1"," 12750000"
"1"," 12850000"
"1"," 12950000"
"1"," 13050000"
"1"," 13150000"
"1"," 13250000"
"1"," 13350000"
"1"," 13450000"
"1"," 13550000"
"1"," 13650000"
"1"," 13750000"
"1"," 13850000"
"1"," 13950000"
"1"," 14050000"
"1"," 14150000"
"1"," 14250000"
"1"," 14350000"
"1"," 14450000"
"1"," 14550000"
"1"," 14650000"
"1"," 14750000"
"1","
"
"1","[148]"
"1"," 14850000"
"1"," 14950000"
"1"," 15050000"
"1"," 15150000"
"1"," 15250000"
"1"," 15350000"
"1"," 15450000"
"1"," 15550000"
"1"," 15650000"
"1"," 15750000"
"1"," 15850000"
"1"," 15950000"
"1"," 16050000"
"1"," 16150000"
"1"," 16250000"
"1"," 16350000"
"1"," 16450000"
"1"," 16550000"
"1"," 16650000"
"1"," 16750000"
"1"," 16850000"
"1","
"
"1","[169]"
"1"," 16950000"
"1"," 17050000"
"1"," 17150000"
"1"," 17250000"
"1"," 17350000"
"1"," 17450000"
"1"," 17550000"
"1"," 17650000"
"1"," 17750000"
"1"," 17850000"
"1"," 17950000"
"1"," 18050000"
"1"," 18150000"
"1"," 18250000"
"1"," 18350000"
"1"," 18450000"
"1"," 18550000"
"1"," 18650000"
"1"," 18750000"
"1"," 18850000"
"1"," 18950000"
"1","
"
"1","[190]"
"1"," 19050000"
"1"," 19150000"
"1"," 19250000"
"1"," 19350000"
"1"," 19450000"
"1"," 19550000"
"1"," 19650000"
"1","
"
"1","
"
"1","$xname
"
"1","[1]"
"1"," ""data_for_iterat[[x]]"""
"1","
"
"1","
"
"1","$equidist
"
"1","[1]"
"1"," TRUE"
"1","
"
"1","
"
"1","attr(,""class"")"
"1","
"
"1","[1]"
"1"," ""histogram"""
"1","
"
"1","
"
"1","[[3]]
"
"1","$breaks
"
"1","  [1]"
"1"," 51.0"
"1"," 51.1"
"1"," 51.2"
"1"," 51.3"
"1"," 51.4"
"1"," 51.5"
"1"," 51.6"
"1"," 51.7"
"1"," 51.8"
"1"," 51.9"
"1"," 52.0"
"1"," 52.1"
"1"," 52.2"
"1"," 52.3"
"1"," 52.4"
"1"," 52.5"
"1"," 52.6"
"1"," 52.7"
"1"," 52.8"
"1"," 52.9"
"1"," 53.0"
"1"," 53.1"
"1"," 53.2"
"1"," 53.3"
"1"," 53.4"
"1"," 53.5"
"1"," 53.6"
"1"," 53.7"
"1"," 53.8"
"1"," 53.9"
"1"," 54.0"
"1"," 54.1"
"1"," 54.2"
"1"," 54.3"
"1"," 54.4"
"1"," 54.5"
"1"," 54.6"
"1"," 54.7"
"1","
"
"1"," [39]"
"1"," 54.8"
"1"," 54.9"
"1"," 55.0"
"1"," 55.1"
"1"," 55.2"
"1"," 55.3"
"1"," 55.4"
"1"," 55.5"
"1"," 55.6"
"1"," 55.7"
"1"," 55.8"
"1"," 55.9"
"1"," 56.0"
"1"," 56.1"
"1"," 56.2"
"1"," 56.3"
"1"," 56.4"
"1"," 56.5"
"1"," 56.6"
"1"," 56.7"
"1"," 56.8"
"1"," 56.9"
"1"," 57.0"
"1"," 57.1"
"1"," 57.2"
"1"," 57.3"
"1"," 57.4"
"1"," 57.5"
"1"," 57.6"
"1"," 57.7"
"1"," 57.8"
"1"," 57.9"
"1"," 58.0"
"1"," 58.1"
"1"," 58.2"
"1"," 58.3"
"1"," 58.4"
"1"," 58.5"
"1","
"
"1"," [77]"
"1"," 58.6"
"1"," 58.7"
"1"," 58.8"
"1"," 58.9"
"1"," 59.0"
"1"," 59.1"
"1"," 59.2"
"1"," 59.3"
"1"," 59.4"
"1"," 59.5"
"1"," 59.6"
"1"," 59.7"
"1"," 59.8"
"1"," 59.9"
"1"," 60.0"
"1"," 60.1"
"1"," 60.2"
"1"," 60.3"
"1"," 60.4"
"1"," 60.5"
"1"," 60.6"
"1"," 60.7"
"1"," 60.8"
"1"," 60.9"
"1"," 61.0"
"1"," 61.1"
"1"," 61.2"
"1"," 61.3"
"1"," 61.4"
"1"," 61.5"
"1"," 61.6"
"1"," 61.7"
"1"," 61.8"
"1"," 61.9"
"1"," 62.0"
"1"," 62.1"
"1"," 62.2"
"1"," 62.3"
"1","
"
"1","[115]"
"1"," 62.4"
"1"," 62.5"
"1"," 62.6"
"1"," 62.7"
"1"," 62.8"
"1"," 62.9"
"1"," 63.0"
"1"," 63.1"
"1"," 63.2"
"1"," 63.3"
"1"," 63.4"
"1"," 63.5"
"1"," 63.6"
"1"," 63.7"
"1"," 63.8"
"1"," 63.9"
"1"," 64.0"
"1"," 64.1"
"1"," 64.2"
"1"," 64.3"
"1"," 64.4"
"1"," 64.5"
"1"," 64.6"
"1"," 64.7"
"1"," 64.8"
"1"," 64.9"
"1"," 65.0"
"1"," 65.1"
"1"," 65.2"
"1"," 65.3"
"1"," 65.4"
"1"," 65.5"
"1"," 65.6"
"1"," 65.7"
"1"," 65.8"
"1"," 65.9"
"1"," 66.0"
"1"," 66.1"
"1","
"
"1","[153]"
"1"," 66.2"
"1"," 66.3"
"1"," 66.4"
"1"," 66.5"
"1"," 66.6"
"1"," 66.7"
"1"," 66.8"
"1"," 66.9"
"1"," 67.0"
"1"," 67.1"
"1"," 67.2"
"1"," 67.3"
"1"," 67.4"
"1"," 67.5"
"1"," 67.6"
"1"," 67.7"
"1"," 67.8"
"1"," 67.9"
"1"," 68.0"
"1"," 68.1"
"1"," 68.2"
"1"," 68.3"
"1"," 68.4"
"1"," 68.5"
"1"," 68.6"
"1"," 68.7"
"1"," 68.8"
"1"," 68.9"
"1"," 69.0"
"1"," 69.1"
"1"," 69.2"
"1"," 69.3"
"1"," 69.4"
"1"," 69.5"
"1"," 69.6"
"1"," 69.7"
"1"," 69.8"
"1"," 69.9"
"1","
"
"1","[191]"
"1"," 70.0"
"1"," 70.1"
"1"," 70.2"
"1"," 70.3"
"1"," 70.4"
"1"," 70.5"
"1"," 70.6"
"1"," 70.7"
"1"," 70.8"
"1"," 70.9"
"1"," 71.0"
"1"," 71.1"
"1"," 71.2"
"1"," 71.3"
"1"," 71.4"
"1"," 71.5"
"1"," 71.6"
"1"," 71.7"
"1"," 71.8"
"1"," 71.9"
"1"," 72.0"
"1"," 72.1"
"1"," 72.2"
"1"," 72.3"
"1"," 72.4"
"1"," 72.5"
"1"," 72.6"
"1"," 72.7"
"1"," 72.8"
"1"," 72.9"
"1"," 73.0"
"1"," 73.1"
"1"," 73.2"
"1"," 73.3"
"1"," 73.4"
"1"," 73.5"
"1"," 73.6"
"1"," 73.7"
"1","
"
"1","[229]"
"1"," 73.8"
"1"," 73.9"
"1"," 74.0"
"1"," 74.1"
"1"," 74.2"
"1"," 74.3"
"1"," 74.4"
"1"," 74.5"
"1"," 74.6"
"1"," 74.7"
"1"," 74.8"
"1"," 74.9"
"1"," 75.0"
"1"," 75.1"
"1"," 75.2"
"1"," 75.3"
"1"," 75.4"
"1"," 75.5"
"1"," 75.6"
"1"," 75.7"
"1","
"
"1","
"
"1","$counts
"
"1","  [1]"
"1","  14"
"1","   7"
"1","   9"
"1","  14"
"1","  16"
"1","   6"
"1","   9"
"1","  10"
"1","   9"
"1","   4"
"1","   1"
"1","   5"
"1","   5"
"1","   1"
"1","   4"
"1","   6"
"1","   2"
"1","   1"
"1","   5"
"1","   5"
"1","  10"
"1","  10"
"1","   8"
"1","  15"
"1","  16"
"1","  15"
"1","  13"
"1","  12"
"1","  13"
"1","  14"
"1","  16"
"1","  14"
"1","  23"
"1","  20"
"1","  20"
"1","  17"
"1","  21"
"1","  13"
"1","  38"
"1","  42"
"1","  40"
"1","  29"
"1","  43"
"1","  32"
"1","  57"
"1","  45"
"1","  44"
"1","
"
"1"," [48]"
"1","  40"
"1","  36"
"1","  29"
"1","  29"
"1","  24"
"1","  14"
"1","  19"
"1","  19"
"1","  39"
"1","  31"
"1","  35"
"1","  24"
"1","  16"
"1","  25"
"1","  23"
"1","  37"
"1","  39"
"1","  31"
"1","  32"
"1","  38"
"1","  42"
"1","  34"
"1","  55"
"1","  72"
"1","  64"
"1","  64"
"1","  51"
"1","  73"
"1","  74"
"1","  83"
"1","  87"
"1","  72"
"1","  64"
"1","  57"
"1","  74"
"1","  79"
"1"," 102"
"1","  96"
"1","  86"
"1","  69"
"1","  90"
"1","  98"
"1"," 124"
"1","  97"
"1","  98"
"1"," 110"
"1"," 123"
"1","
"
"1"," [95]"
"1"," 121"
"1"," 147"
"1"," 125"
"1"," 131"
"1"," 128"
"1"," 155"
"1"," 171"
"1"," 140"
"1"," 162"
"1"," 170"
"1"," 201"
"1"," 198"
"1"," 182"
"1"," 214"
"1"," 205"
"1"," 187"
"1"," 182"
"1"," 207"
"1"," 201"
"1"," 200"
"1"," 132"
"1"," 170"
"1"," 214"
"1"," 221"
"1"," 263"
"1"," 245"
"1"," 261"
"1"," 312"
"1"," 276"
"1"," 247"
"1"," 294"
"1"," 274"
"1"," 236"
"1"," 244"
"1"," 238"
"1"," 212"
"1"," 243"
"1"," 217"
"1"," 240"
"1"," 220"
"1"," 211"
"1"," 203"
"1"," 217"
"1"," 179"
"1"," 206"
"1"," 180"
"1"," 196"
"1","
"
"1","[142]"
"1"," 220"
"1"," 211"
"1"," 243"
"1"," 275"
"1"," 295"
"1"," 317"
"1"," 266"
"1"," 303"
"1"," 331"
"1"," 291"
"1"," 283"
"1"," 265"
"1"," 267"
"1"," 280"
"1"," 298"
"1"," 311"
"1"," 314"
"1"," 312"
"1"," 274"
"1"," 255"
"1"," 333"
"1"," 306"
"1"," 265"
"1"," 269"
"1"," 294"
"1"," 250"
"1"," 282"
"1"," 304"
"1"," 286"
"1"," 294"
"1"," 258"
"1"," 256"
"1"," 248"
"1"," 256"
"1"," 233"
"1"," 227"
"1"," 228"
"1"," 206"
"1"," 153"
"1"," 162"
"1"," 177"
"1"," 191"
"1"," 155"
"1"," 157"
"1"," 145"
"1"," 172"
"1"," 137"
"1","
"
"1","[189]"
"1"," 149"
"1"," 158"
"1"," 161"
"1"," 161"
"1"," 160"
"1"," 132"
"1"," 192"
"1"," 193"
"1"," 188"
"1"," 212"
"1"," 160"
"1"," 169"
"1"," 164"
"1"," 139"
"1"," 153"
"1"," 115"
"1"," 131"
"1"," 109"
"1"," 117"
"1"," 108"
"1"," 121"
"1"," 112"
"1"," 115"
"1"," 116"
"1"," 101"
"1","  97"
"1"," 102"
"1","  95"
"1"," 101"
"1","  97"
"1","  66"
"1","  90"
"1"," 102"
"1","  61"
"1","  61"
"1","  69"
"1","  68"
"1","  25"
"1","  28"
"1","  23"
"1","  29"
"1","  24"
"1","  22"
"1","  16"
"1","  11"
"1","   5"
"1","  10"
"1","
"
"1","[236]"
"1","   6"
"1","  18"
"1","  15"
"1","  12"
"1","  16"
"1","  19"
"1","  19"
"1","  10"
"1","   6"
"1","   4"
"1","   3"
"1","   2"
"1","
"
"1","
"
"1","$density
"
"1","  [1]"
"1"," 0.0046835274"
"1"," 0.0023417637"
"1"," 0.0030108390"
"1"," 0.0046835274"
"1"," 0.0053526027"
"1"," 0.0020072260"
"1"," 0.0030108390"
"1"," 0.0033453767"
"1"," 0.0030108390"
"1"," 0.0013381507"
"1"," 0.0003345377"
"1"," 0.0016726883"
"1"," 0.0016726883"
"1"," 0.0003345377"
"1","
"
"1"," [15]"
"1"," 0.0013381507"
"1"," 0.0020072260"
"1"," 0.0006690753"
"1"," 0.0003345377"
"1"," 0.0016726883"
"1"," 0.0016726883"
"1"," 0.0033453767"
"1"," 0.0033453767"
"1"," 0.0026763014"
"1"," 0.0050180650"
"1"," 0.0053526027"
"1"," 0.0050180650"
"1"," 0.0043489897"
"1"," 0.0040144520"
"1","
"
"1"," [29]"
"1"," 0.0043489897"
"1"," 0.0046835274"
"1"," 0.0053526027"
"1"," 0.0046835274"
"1"," 0.0076943664"
"1"," 0.0066907534"
"1"," 0.0066907534"
"1"," 0.0056871404"
"1"," 0.0070252910"
"1"," 0.0043489897"
"1"," 0.0127124314"
"1"," 0.0140505821"
"1"," 0.0133815068"
"1"," 0.0097015924"
"1","
"
"1"," [43]"
"1"," 0.0143851198"
"1"," 0.0107052054"
"1"," 0.0190686471"
"1"," 0.0150541951"
"1"," 0.0147196574"
"1"," 0.0133815068"
"1"," 0.0120433561"
"1"," 0.0097015924"
"1"," 0.0097015924"
"1"," 0.0080289041"
"1"," 0.0046835274"
"1"," 0.0063562157"
"1"," 0.0063562157"
"1"," 0.0130469691"
"1","
"
"1"," [57]"
"1"," 0.0103706677"
"1"," 0.0117088184"
"1"," 0.0080289041"
"1"," 0.0053526027"
"1"," 0.0083634417"
"1"," 0.0076943664"
"1"," 0.0123778938"
"1"," 0.0130469691"
"1"," 0.0103706677"
"1"," 0.0107052054"
"1"," 0.0127124314"
"1"," 0.0140505821"
"1"," 0.0113742807"
"1"," 0.0183995718"
"1","
"
"1"," [71]"
"1"," 0.0240867122"
"1"," 0.0214104108"
"1"," 0.0214104108"
"1"," 0.0170614211"
"1"," 0.0244212498"
"1"," 0.0247557875"
"1"," 0.0277666265"
"1"," 0.0291047772"
"1"," 0.0240867122"
"1"," 0.0214104108"
"1"," 0.0190686471"
"1"," 0.0247557875"
"1"," 0.0264284758"
"1"," 0.0341228422"
"1","
"
"1"," [85]"
"1"," 0.0321156162"
"1"," 0.0287702395"
"1"," 0.0230830992"
"1"," 0.0301083902"
"1"," 0.0327846916"
"1"," 0.0414826709"
"1"," 0.0324501539"
"1"," 0.0327846916"
"1"," 0.0367991436"
"1"," 0.0411481333"
"1"," 0.0404790579"
"1"," 0.0491770373"
"1"," 0.0418172086"
"1"," 0.0438244346"
"1","
"
"1"," [99]"
"1"," 0.0428208216"
"1"," 0.0518533387"
"1"," 0.0572059414"
"1"," 0.0468352737"
"1"," 0.0541951024"
"1"," 0.0568714037"
"1"," 0.0672420715"
"1"," 0.0662384585"
"1"," 0.0608858557"
"1"," 0.0715910612"
"1"," 0.0685802221"
"1"," 0.0625585441"
"1"," 0.0608858557"
"1"," 0.0692492975"
"1","
"
"1","[113]"
"1"," 0.0672420715"
"1"," 0.0669075338"
"1"," 0.0441589723"
"1"," 0.0568714037"
"1"," 0.0715910612"
"1"," 0.0739328248"
"1"," 0.0879834069"
"1"," 0.0819617289"
"1"," 0.0873143316"
"1"," 0.1043757527"
"1"," 0.0923323966"
"1"," 0.0826308042"
"1"," 0.0983540747"
"1"," 0.0916633213"
"1","
"
"1","[127]"
"1"," 0.0789508899"
"1"," 0.0816271912"
"1"," 0.0796199652"
"1"," 0.0709219858"
"1"," 0.0812926536"
"1"," 0.0725946742"
"1"," 0.0802890405"
"1"," 0.0735982872"
"1"," 0.0705874481"
"1"," 0.0679111468"
"1"," 0.0725946742"
"1"," 0.0598822427"
"1"," 0.0689147598"
"1"," 0.0602167804"
"1","
"
"1","[141]"
"1"," 0.0655693831"
"1"," 0.0735982872"
"1"," 0.0705874481"
"1"," 0.0812926536"
"1"," 0.0919978590"
"1"," 0.0986886123"
"1"," 0.1060484411"
"1"," 0.0889870199"
"1"," 0.1013649137"
"1"," 0.1107319684"
"1"," 0.0973504617"
"1"," 0.0946741603"
"1"," 0.0886524823"
"1"," 0.0893215576"
"1","
"
"1","[155]"
"1"," 0.0936705473"
"1"," 0.0996922253"
"1"," 0.1040412150"
"1"," 0.1050448280"
"1"," 0.1043757527"
"1"," 0.0916633213"
"1"," 0.0853071056"
"1"," 0.1114010438"
"1"," 0.1023685267"
"1"," 0.0886524823"
"1"," 0.0899906329"
"1"," 0.0983540747"
"1"," 0.0836344172"
"1"," 0.0943396226"
"1","
"
"1","[169]"
"1"," 0.1016994514"
"1"," 0.0956777733"
"1"," 0.0983540747"
"1"," 0.0863107186"
"1"," 0.0856416432"
"1"," 0.0829653419"
"1"," 0.0856416432"
"1"," 0.0779472769"
"1"," 0.0759400508"
"1"," 0.0762745885"
"1"," 0.0689147598"
"1"," 0.0511842633"
"1"," 0.0541951024"
"1"," 0.0592131674"
"1","
"
"1","[183]"
"1"," 0.0638966948"
"1"," 0.0518533387"
"1"," 0.0525224140"
"1"," 0.0485079620"
"1"," 0.0575404791"
"1"," 0.0458316606"
"1"," 0.0498461127"
"1"," 0.0528569517"
"1"," 0.0538605647"
"1"," 0.0538605647"
"1"," 0.0535260270"
"1"," 0.0441589723"
"1"," 0.0642312324"
"1"," 0.0645657701"
"1","
"
"1","[197]"
"1"," 0.0628930818"
"1"," 0.0709219858"
"1"," 0.0535260270"
"1"," 0.0565368661"
"1"," 0.0548641777"
"1"," 0.0465007360"
"1"," 0.0511842633"
"1"," 0.0384718319"
"1"," 0.0438244346"
"1"," 0.0364646059"
"1"," 0.0391409073"
"1"," 0.0361300682"
"1"," 0.0404790579"
"1"," 0.0374682189"
"1","
"
"1","[211]"
"1"," 0.0384718319"
"1"," 0.0388063696"
"1"," 0.0337883046"
"1"," 0.0324501539"
"1"," 0.0341228422"
"1"," 0.0317810785"
"1"," 0.0337883046"
"1"," 0.0324501539"
"1"," 0.0220794862"
"1"," 0.0301083902"
"1"," 0.0341228422"
"1"," 0.0204067978"
"1"," 0.0204067978"
"1"," 0.0230830992"
"1","
"
"1","[225]"
"1"," 0.0227485615"
"1"," 0.0083634417"
"1"," 0.0093670547"
"1"," 0.0076943664"
"1"," 0.0097015924"
"1"," 0.0080289041"
"1"," 0.0073598287"
"1"," 0.0053526027"
"1"," 0.0036799144"
"1"," 0.0016726883"
"1"," 0.0033453767"
"1"," 0.0020072260"
"1"," 0.0060216780"
"1"," 0.0050180650"
"1","
"
"1","[239]"
"1"," 0.0040144520"
"1"," 0.0053526027"
"1"," 0.0063562157"
"1"," 0.0063562157"
"1"," 0.0033453767"
"1"," 0.0020072260"
"1"," 0.0013381507"
"1"," 0.0010036130"
"1"," 0.0006690753"
"1","
"
"1","
"
"1","$mids
"
"1","  [1]"
"1"," 51.05"
"1"," 51.15"
"1"," 51.25"
"1"," 51.35"
"1"," 51.45"
"1"," 51.55"
"1"," 51.65"
"1"," 51.75"
"1"," 51.85"
"1"," 51.95"
"1"," 52.05"
"1"," 52.15"
"1"," 52.25"
"1"," 52.35"
"1"," 52.45"
"1"," 52.55"
"1"," 52.65"
"1"," 52.75"
"1"," 52.85"
"1"," 52.95"
"1"," 53.05"
"1"," 53.15"
"1"," 53.25"
"1"," 53.35"
"1"," 53.45"
"1"," 53.55"
"1"," 53.65"
"1"," 53.75"
"1"," 53.85"
"1"," 53.95"
"1"," 54.05"
"1","
"
"1"," [32]"
"1"," 54.15"
"1"," 54.25"
"1"," 54.35"
"1"," 54.45"
"1"," 54.55"
"1"," 54.65"
"1"," 54.75"
"1"," 54.85"
"1"," 54.95"
"1"," 55.05"
"1"," 55.15"
"1"," 55.25"
"1"," 55.35"
"1"," 55.45"
"1"," 55.55"
"1"," 55.65"
"1"," 55.75"
"1"," 55.85"
"1"," 55.95"
"1"," 56.05"
"1"," 56.15"
"1"," 56.25"
"1"," 56.35"
"1"," 56.45"
"1"," 56.55"
"1"," 56.65"
"1"," 56.75"
"1"," 56.85"
"1"," 56.95"
"1"," 57.05"
"1"," 57.15"
"1","
"
"1"," [63]"
"1"," 57.25"
"1"," 57.35"
"1"," 57.45"
"1"," 57.55"
"1"," 57.65"
"1"," 57.75"
"1"," 57.85"
"1"," 57.95"
"1"," 58.05"
"1"," 58.15"
"1"," 58.25"
"1"," 58.35"
"1"," 58.45"
"1"," 58.55"
"1"," 58.65"
"1"," 58.75"
"1"," 58.85"
"1"," 58.95"
"1"," 59.05"
"1"," 59.15"
"1"," 59.25"
"1"," 59.35"
"1"," 59.45"
"1"," 59.55"
"1"," 59.65"
"1"," 59.75"
"1"," 59.85"
"1"," 59.95"
"1"," 60.05"
"1"," 60.15"
"1"," 60.25"
"1","
"
"1"," [94]"
"1"," 60.35"
"1"," 60.45"
"1"," 60.55"
"1"," 60.65"
"1"," 60.75"
"1"," 60.85"
"1"," 60.95"
"1"," 61.05"
"1"," 61.15"
"1"," 61.25"
"1"," 61.35"
"1"," 61.45"
"1"," 61.55"
"1"," 61.65"
"1"," 61.75"
"1"," 61.85"
"1"," 61.95"
"1"," 62.05"
"1"," 62.15"
"1"," 62.25"
"1"," 62.35"
"1"," 62.45"
"1"," 62.55"
"1"," 62.65"
"1"," 62.75"
"1"," 62.85"
"1"," 62.95"
"1"," 63.05"
"1"," 63.15"
"1"," 63.25"
"1"," 63.35"
"1","
"
"1","[125]"
"1"," 63.45"
"1"," 63.55"
"1"," 63.65"
"1"," 63.75"
"1"," 63.85"
"1"," 63.95"
"1"," 64.05"
"1"," 64.15"
"1"," 64.25"
"1"," 64.35"
"1"," 64.45"
"1"," 64.55"
"1"," 64.65"
"1"," 64.75"
"1"," 64.85"
"1"," 64.95"
"1"," 65.05"
"1"," 65.15"
"1"," 65.25"
"1"," 65.35"
"1"," 65.45"
"1"," 65.55"
"1"," 65.65"
"1"," 65.75"
"1"," 65.85"
"1"," 65.95"
"1"," 66.05"
"1"," 66.15"
"1"," 66.25"
"1"," 66.35"
"1"," 66.45"
"1","
"
"1","[156]"
"1"," 66.55"
"1"," 66.65"
"1"," 66.75"
"1"," 66.85"
"1"," 66.95"
"1"," 67.05"
"1"," 67.15"
"1"," 67.25"
"1"," 67.35"
"1"," 67.45"
"1"," 67.55"
"1"," 67.65"
"1"," 67.75"
"1"," 67.85"
"1"," 67.95"
"1"," 68.05"
"1"," 68.15"
"1"," 68.25"
"1"," 68.35"
"1"," 68.45"
"1"," 68.55"
"1"," 68.65"
"1"," 68.75"
"1"," 68.85"
"1"," 68.95"
"1"," 69.05"
"1"," 69.15"
"1"," 69.25"
"1"," 69.35"
"1"," 69.45"
"1"," 69.55"
"1","
"
"1","[187]"
"1"," 69.65"
"1"," 69.75"
"1"," 69.85"
"1"," 69.95"
"1"," 70.05"
"1"," 70.15"
"1"," 70.25"
"1"," 70.35"
"1"," 70.45"
"1"," 70.55"
"1"," 70.65"
"1"," 70.75"
"1"," 70.85"
"1"," 70.95"
"1"," 71.05"
"1"," 71.15"
"1"," 71.25"
"1"," 71.35"
"1"," 71.45"
"1"," 71.55"
"1"," 71.65"
"1"," 71.75"
"1"," 71.85"
"1"," 71.95"
"1"," 72.05"
"1"," 72.15"
"1"," 72.25"
"1"," 72.35"
"1"," 72.45"
"1"," 72.55"
"1"," 72.65"
"1","
"
"1","[218]"
"1"," 72.75"
"1"," 72.85"
"1"," 72.95"
"1"," 73.05"
"1"," 73.15"
"1"," 73.25"
"1"," 73.35"
"1"," 73.45"
"1"," 73.55"
"1"," 73.65"
"1"," 73.75"
"1"," 73.85"
"1"," 73.95"
"1"," 74.05"
"1"," 74.15"
"1"," 74.25"
"1"," 74.35"
"1"," 74.45"
"1"," 74.55"
"1"," 74.65"
"1"," 74.75"
"1"," 74.85"
"1"," 74.95"
"1"," 75.05"
"1"," 75.15"
"1"," 75.25"
"1"," 75.35"
"1"," 75.45"
"1"," 75.55"
"1"," 75.65"
"1","
"
"1","
"
"1","$xname
"
"1","[1]"
"1"," ""data_for_iterat[[x]]"""
"1","
"
"1","
"
"1","$equidist
"
"1","[1]"
"1"," TRUE"
"1","
"
"1","
"
"1","attr(,""class"")"
"1","
"
"1","[1]"
"1"," ""histogram"""
"1","
"
"1","
"
"1","[[4]]
"
"1","$breaks
"
"1","  [1]"
"1","   100000"
"1","   200000"
"1","   300000"
"1","   400000"
"1","   500000"
"1","   600000"
"1","   700000"
"1","   800000"
"1","   900000"
"1","  1000000"
"1","  1100000"
"1","  1200000"
"1","  1300000"
"1","  1400000"
"1","  1500000"
"1","  1600000"
"1","  1700000"
"1","  1800000"
"1","  1900000"
"1","  2000000"
"1","  2100000"
"1","
"
"1"," [22]"
"1","  2200000"
"1","  2300000"
"1","  2400000"
"1","  2500000"
"1","  2600000"
"1","  2700000"
"1","  2800000"
"1","  2900000"
"1","  3000000"
"1","  3100000"
"1","  3200000"
"1","  3300000"
"1","  3400000"
"1","  3500000"
"1","  3600000"
"1","  3700000"
"1","  3800000"
"1","  3900000"
"1","  4000000"
"1","  4100000"
"1","  4200000"
"1","
"
"1"," [43]"
"1","  4300000"
"1","  4400000"
"1","  4500000"
"1","  4600000"
"1","  4700000"
"1","  4800000"
"1","  4900000"
"1","  5000000"
"1","  5100000"
"1","  5200000"
"1","  5300000"
"1","  5400000"
"1","  5500000"
"1","  5600000"
"1","  5700000"
"1","  5800000"
"1","  5900000"
"1","  6000000"
"1","  6100000"
"1","  6200000"
"1","  6300000"
"1","
"
"1"," [64]"
"1","  6400000"
"1","  6500000"
"1","  6600000"
"1","  6700000"
"1","  6800000"
"1","  6900000"
"1","  7000000"
"1","  7100000"
"1","  7200000"
"1","  7300000"
"1","  7400000"
"1","  7500000"
"1","  7600000"
"1","  7700000"
"1","  7800000"
"1","  7900000"
"1","  8000000"
"1","  8100000"
"1","  8200000"
"1","  8300000"
"1","  8400000"
"1","
"
"1"," [85]"
"1","  8500000"
"1","  8600000"
"1","  8700000"
"1","  8800000"
"1","  8900000"
"1","  9000000"
"1","  9100000"
"1","  9200000"
"1","  9300000"
"1","  9400000"
"1","  9500000"
"1","  9600000"
"1","  9700000"
"1","  9800000"
"1","  9900000"
"1"," 10000000"
"1"," 10100000"
"1"," 10200000"
"1"," 10300000"
"1"," 10400000"
"1"," 10500000"
"1","
"
"1","[106]"
"1"," 10600000"
"1"," 10700000"
"1"," 10800000"
"1"," 10900000"
"1"," 11000000"
"1"," 11100000"
"1"," 11200000"
"1"," 11300000"
"1"," 11400000"
"1"," 11500000"
"1"," 11600000"
"1"," 11700000"
"1"," 11800000"
"1"," 11900000"
"1"," 12000000"
"1"," 12100000"
"1"," 12200000"
"1"," 12300000"
"1"," 12400000"
"1"," 12500000"
"1"," 12600000"
"1","
"
"1","[127]"
"1"," 12700000"
"1"," 12800000"
"1"," 12900000"
"1"," 13000000"
"1"," 13100000"
"1"," 13200000"
"1"," 13300000"
"1"," 13400000"
"1"," 13500000"
"1"," 13600000"
"1"," 13700000"
"1"," 13800000"
"1"," 13900000"
"1"," 14000000"
"1"," 14100000"
"1"," 14200000"
"1"," 14300000"
"1"," 14400000"
"1"," 14500000"
"1"," 14600000"
"1"," 14700000"
"1","
"
"1","[148]"
"1"," 14800000"
"1"," 14900000"
"1"," 15000000"
"1"," 15100000"
"1"," 15200000"
"1"," 15300000"
"1"," 15400000"
"1"," 15500000"
"1"," 15600000"
"1"," 15700000"
"1"," 15800000"
"1"," 15900000"
"1"," 16000000"
"1"," 16100000"
"1"," 16200000"
"1"," 16300000"
"1"," 16400000"
"1"," 16500000"
"1"," 16600000"
"1"," 16700000"
"1"," 16800000"
"1","
"
"1","[169]"
"1"," 16900000"
"1"," 17000000"
"1"," 17100000"
"1"," 17200000"
"1"," 17300000"
"1"," 17400000"
"1"," 17500000"
"1"," 17600000"
"1"," 17700000"
"1"," 17800000"
"1"," 17900000"
"1"," 18000000"
"1"," 18100000"
"1"," 18200000"
"1"," 18300000"
"1"," 18400000"
"1"," 18500000"
"1"," 18600000"
"1"," 18700000"
"1"," 18800000"
"1","
"
"1","
"
"1","$counts
"
"1","  [1]"
"1","  117"
"1"," 1448"
"1"," 2200"
"1"," 1632"
"1"," 1111"
"1"," 1200"
"1","  995"
"1","  489"
"1","  589"
"1","  372"
"1","  593"
"1","  879"
"1","  615"
"1","  734"
"1","  696"
"1","  815"
"1","  838"
"1","  658"
"1","  672"
"1","  550"
"1","  383"
"1","  337"
"1","  293"
"1","  424"
"1","  279"
"1","  364"
"1","  660"
"1","  793"
"1","  729"
"1","  492"
"1","  323"
"1","  443"
"1","  212"
"1","  208"
"1","  206"
"1","  211"
"1","  183"
"1","  253"
"1","
"
"1"," [39]"
"1","  219"
"1","  241"
"1","  291"
"1","  295"
"1","  227"
"1","  203"
"1","  168"
"1","  202"
"1","  182"
"1","  125"
"1","  164"
"1","  133"
"1","   89"
"1","   98"
"1","   72"
"1","  179"
"1","  185"
"1","   77"
"1","   57"
"1","  148"
"1","  161"
"1","  149"
"1","  120"
"1","  101"
"1","   27"
"1","    8"
"1","    7"
"1","   17"
"1","   14"
"1","   27"
"1","   17"
"1","   14"
"1","   18"
"1","   22"
"1","   35"
"1","   55"
"1","   36"
"1","   29"
"1","
"
"1"," [77]"
"1","   33"
"1","   24"
"1","   26"
"1","   57"
"1","   61"
"1","   41"
"1","   36"
"1","   27"
"1","   29"
"1","   58"
"1","   90"
"1","   52"
"1","   49"
"1","   75"
"1","   29"
"1","   23"
"1","   25"
"1","   39"
"1","   20"
"1","   13"
"1","   20"
"1","   16"
"1","   22"
"1","   26"
"1","   18"
"1","   12"
"1","    8"
"1","   11"
"1","   15"
"1","    9"
"1","   15"
"1","   10"
"1","   37"
"1","   20"
"1","   13"
"1","    8"
"1","    8"
"1","    7"
"1","
"
"1","[115]"
"1","    5"
"1","    6"
"1","    8"
"1","    7"
"1","   12"
"1","    8"
"1","    6"
"1","    7"
"1","    7"
"1","   12"
"1","    8"
"1","    9"
"1","   11"
"1","    8"
"1","    9"
"1","    6"
"1","   11"
"1","   11"
"1","    9"
"1","    7"
"1","   11"
"1","    4"
"1","    9"
"1","   28"
"1","   20"
"1","   21"
"1","   14"
"1","    5"
"1","    8"
"1","    2"
"1","    3"
"1","    2"
"1","    2"
"1","    2"
"1","    3"
"1","    3"
"1","    4"
"1","    3"
"1","
"
"1","[153]"
"1","    3"
"1","    4"
"1","    3"
"1","    4"
"1","    3"
"1","    2"
"1","    7"
"1","   36"
"1","   26"
"1","   12"
"1","   11"
"1","   11"
"1","    6"
"1","   13"
"1","   11"
"1","   11"
"1","   27"
"1","    5"
"1","    3"
"1","    4"
"1","    3"
"1","    4"
"1","    5"
"1","    6"
"1","    4"
"1","    4"
"1","    7"
"1","    5"
"1","    3"
"1","    6"
"1","    9"
"1","   15"
"1","   10"
"1","    4"
"1","    4"
"1","
"
"1","
"
"1","$density
"
"1","  [1]"
"1"," 3.914091e-08"
"1"," 4.844105e-07"
"1"," 7.359829e-07"
"1"," 5.459655e-07"
"1"," 3.716714e-07"
"1"," 4.014452e-07"
"1"," 3.328650e-07"
"1"," 1.635889e-07"
"1"," 1.970427e-07"
"1"," 1.244480e-07"
"1"," 1.983808e-07"
"1"," 2.940586e-07"
"1"," 2.057407e-07"
"1"," 2.455506e-07"
"1","
"
"1"," [15]"
"1"," 2.328382e-07"
"1"," 2.726482e-07"
"1"," 2.803426e-07"
"1"," 2.201258e-07"
"1"," 2.248093e-07"
"1"," 1.839957e-07"
"1"," 1.281279e-07"
"1"," 1.127392e-07"
"1"," 9.801954e-08"
"1"," 1.418440e-07"
"1"," 9.333601e-08"
"1"," 1.217717e-07"
"1"," 2.207949e-07"
"1"," 2.652884e-07"
"1","
"
"1"," [29]"
"1"," 2.438780e-07"
"1"," 1.645925e-07"
"1"," 1.080557e-07"
"1"," 1.482002e-07"
"1"," 7.092199e-08"
"1"," 6.958384e-08"
"1"," 6.891476e-08"
"1"," 7.058745e-08"
"1"," 6.122039e-08"
"1"," 8.463803e-08"
"1"," 7.326375e-08"
"1"," 8.062358e-08"
"1"," 9.735046e-08"
"1"," 9.868861e-08"
"1","
"
"1"," [43]"
"1"," 7.594005e-08"
"1"," 6.791115e-08"
"1"," 5.620233e-08"
"1"," 6.757661e-08"
"1"," 6.088586e-08"
"1"," 4.181721e-08"
"1"," 5.486418e-08"
"1"," 4.449351e-08"
"1"," 2.977385e-08"
"1"," 3.278469e-08"
"1"," 2.408671e-08"
"1"," 5.988224e-08"
"1"," 6.188947e-08"
"1"," 2.575940e-08"
"1","
"
"1"," [57]"
"1"," 1.906865e-08"
"1"," 4.951158e-08"
"1"," 5.386056e-08"
"1"," 4.984611e-08"
"1"," 4.014452e-08"
"1"," 3.378830e-08"
"1"," 9.032517e-09"
"1"," 2.676301e-09"
"1"," 2.341764e-09"
"1"," 5.687140e-09"
"1"," 4.683527e-09"
"1"," 9.032517e-09"
"1"," 5.687140e-09"
"1"," 4.683527e-09"
"1","
"
"1"," [71]"
"1"," 6.021678e-09"
"1"," 7.359829e-09"
"1"," 1.170882e-08"
"1"," 1.839957e-08"
"1"," 1.204336e-08"
"1"," 9.701592e-09"
"1"," 1.103974e-08"
"1"," 8.028904e-09"
"1"," 8.697979e-09"
"1"," 1.906865e-08"
"1"," 2.040680e-08"
"1"," 1.371604e-08"
"1"," 1.204336e-08"
"1"," 9.032517e-09"
"1","
"
"1"," [85]"
"1"," 9.701592e-09"
"1"," 1.940318e-08"
"1"," 3.010839e-08"
"1"," 1.739596e-08"
"1"," 1.639235e-08"
"1"," 2.509033e-08"
"1"," 9.701592e-09"
"1"," 7.694366e-09"
"1"," 8.363442e-09"
"1"," 1.304697e-08"
"1"," 6.690753e-09"
"1"," 4.348990e-09"
"1"," 6.690753e-09"
"1"," 5.352603e-09"
"1","
"
"1"," [99]"
"1"," 7.359829e-09"
"1"," 8.697979e-09"
"1"," 6.021678e-09"
"1"," 4.014452e-09"
"1"," 2.676301e-09"
"1"," 3.679914e-09"
"1"," 5.018065e-09"
"1"," 3.010839e-09"
"1"," 5.018065e-09"
"1"," 3.345377e-09"
"1"," 1.237789e-08"
"1"," 6.690753e-09"
"1"," 4.348990e-09"
"1"," 2.676301e-09"
"1","
"
"1","[113]"
"1"," 2.676301e-09"
"1"," 2.341764e-09"
"1"," 1.672688e-09"
"1"," 2.007226e-09"
"1"," 2.676301e-09"
"1"," 2.341764e-09"
"1"," 4.014452e-09"
"1"," 2.676301e-09"
"1"," 2.007226e-09"
"1"," 2.341764e-09"
"1"," 2.341764e-09"
"1"," 4.014452e-09"
"1"," 2.676301e-09"
"1"," 3.010839e-09"
"1","
"
"1","[127]"
"1"," 3.679914e-09"
"1"," 2.676301e-09"
"1"," 3.010839e-09"
"1"," 2.007226e-09"
"1"," 3.679914e-09"
"1"," 3.679914e-09"
"1"," 3.010839e-09"
"1"," 2.341764e-09"
"1"," 3.679914e-09"
"1"," 1.338151e-09"
"1"," 3.010839e-09"
"1"," 9.367055e-09"
"1"," 6.690753e-09"
"1"," 7.025291e-09"
"1","
"
"1","[141]"
"1"," 4.683527e-09"
"1"," 1.672688e-09"
"1"," 2.676301e-09"
"1"," 6.690753e-10"
"1"," 1.003613e-09"
"1"," 6.690753e-10"
"1"," 6.690753e-10"
"1"," 6.690753e-10"
"1"," 1.003613e-09"
"1"," 1.003613e-09"
"1"," 1.338151e-09"
"1"," 1.003613e-09"
"1"," 1.003613e-09"
"1"," 1.338151e-09"
"1","
"
"1","[155]"
"1"," 1.003613e-09"
"1"," 1.338151e-09"
"1"," 1.003613e-09"
"1"," 6.690753e-10"
"1"," 2.341764e-09"
"1"," 1.204336e-08"
"1"," 8.697979e-09"
"1"," 4.014452e-09"
"1"," 3.679914e-09"
"1"," 3.679914e-09"
"1"," 2.007226e-09"
"1"," 4.348990e-09"
"1"," 3.679914e-09"
"1"," 3.679914e-09"
"1","
"
"1","[169]"
"1"," 9.032517e-09"
"1"," 1.672688e-09"
"1"," 1.003613e-09"
"1"," 1.338151e-09"
"1"," 1.003613e-09"
"1"," 1.338151e-09"
"1"," 1.672688e-09"
"1"," 2.007226e-09"
"1"," 1.338151e-09"
"1"," 1.338151e-09"
"1"," 2.341764e-09"
"1"," 1.672688e-09"
"1"," 1.003613e-09"
"1"," 2.007226e-09"
"1","
"
"1","[183]"
"1"," 3.010839e-09"
"1"," 5.018065e-09"
"1"," 3.345377e-09"
"1"," 1.338151e-09"
"1"," 1.338151e-09"
"1","
"
"1","
"
"1","$mids
"
"1","  [1]"
"1","   150000"
"1","   250000"
"1","   350000"
"1","   450000"
"1","   550000"
"1","   650000"
"1","   750000"
"1","   850000"
"1","   950000"
"1","  1050000"
"1","  1150000"
"1","  1250000"
"1","  1350000"
"1","  1450000"
"1","  1550000"
"1","  1650000"
"1","  1750000"
"1","  1850000"
"1","  1950000"
"1","  2050000"
"1","  2150000"
"1","
"
"1"," [22]"
"1","  2250000"
"1","  2350000"
"1","  2450000"
"1","  2550000"
"1","  2650000"
"1","  2750000"
"1","  2850000"
"1","  2950000"
"1","  3050000"
"1","  3150000"
"1","  3250000"
"1","  3350000"
"1","  3450000"
"1","  3550000"
"1","  3650000"
"1","  3750000"
"1","  3850000"
"1","  3950000"
"1","  4050000"
"1","  4150000"
"1","  4250000"
"1","
"
"1"," [43]"
"1","  4350000"
"1","  4450000"
"1","  4550000"
"1","  4650000"
"1","  4750000"
"1","  4850000"
"1","  4950000"
"1","  5050000"
"1","  5150000"
"1","  5250000"
"1","  5350000"
"1","  5450000"
"1","  5550000"
"1","  5650000"
"1","  5750000"
"1","  5850000"
"1","  5950000"
"1","  6050000"
"1","  6150000"
"1","  6250000"
"1","  6350000"
"1","
"
"1"," [64]"
"1","  6450000"
"1","  6550000"
"1","  6650000"
"1","  6750000"
"1","  6850000"
"1","  6950000"
"1","  7050000"
"1","  7150000"
"1","  7250000"
"1","  7350000"
"1","  7450000"
"1","  7550000"
"1","  7650000"
"1","  7750000"
"1","  7850000"
"1","  7950000"
"1","  8050000"
"1","  8150000"
"1","  8250000"
"1","  8350000"
"1","  8450000"
"1","
"
"1"," [85]"
"1","  8550000"
"1","  8650000"
"1","  8750000"
"1","  8850000"
"1","  8950000"
"1","  9050000"
"1","  9150000"
"1","  9250000"
"1","  9350000"
"1","  9450000"
"1","  9550000"
"1","  9650000"
"1","  9750000"
"1","  9850000"
"1","  9950000"
"1"," 10050000"
"1"," 10150000"
"1"," 10250000"
"1"," 10350000"
"1"," 10450000"
"1"," 10550000"
"1","
"
"1","[106]"
"1"," 10650000"
"1"," 10750000"
"1"," 10850000"
"1"," 10950000"
"1"," 11050000"
"1"," 11150000"
"1"," 11250000"
"1"," 11350000"
"1"," 11450000"
"1"," 11550000"
"1"," 11650000"
"1"," 11750000"
"1"," 11850000"
"1"," 11950000"
"1"," 12050000"
"1"," 12150000"
"1"," 12250000"
"1"," 12350000"
"1"," 12450000"
"1"," 12550000"
"1"," 12650000"
"1","
"
"1","[127]"
"1"," 12750000"
"1"," 12850000"
"1"," 12950000"
"1"," 13050000"
"1"," 13150000"
"1"," 13250000"
"1"," 13350000"
"1"," 13450000"
"1"," 13550000"
"1"," 13650000"
"1"," 13750000"
"1"," 13850000"
"1"," 13950000"
"1"," 14050000"
"1"," 14150000"
"1"," 14250000"
"1"," 14350000"
"1"," 14450000"
"1"," 14550000"
"1"," 14650000"
"1"," 14750000"
"1","
"
"1","[148]"
"1"," 14850000"
"1"," 14950000"
"1"," 15050000"
"1"," 15150000"
"1"," 15250000"
"1"," 15350000"
"1"," 15450000"
"1"," 15550000"
"1"," 15650000"
"1"," 15750000"
"1"," 15850000"
"1"," 15950000"
"1"," 16050000"
"1"," 16150000"
"1"," 16250000"
"1"," 16350000"
"1"," 16450000"
"1"," 16550000"
"1"," 16650000"
"1"," 16750000"
"1"," 16850000"
"1","
"
"1","[169]"
"1"," 16950000"
"1"," 17050000"
"1"," 17150000"
"1"," 17250000"
"1"," 17350000"
"1"," 17450000"
"1"," 17550000"
"1"," 17650000"
"1"," 17750000"
"1"," 17850000"
"1"," 17950000"
"1"," 18050000"
"1"," 18150000"
"1"," 18250000"
"1"," 18350000"
"1"," 18450000"
"1"," 18550000"
"1"," 18650000"
"1"," 18750000"
"1","
"
"1","
"
"1","$xname
"
"1","[1]"
"1"," ""data_for_iterat[[x]]"""
"1","
"
"1","
"
"1","$equidist
"
"1","[1]"
"1"," TRUE"
"1","
"
"1","
"
"1","attr(,""class"")"
"1","
"
"1","[1]"
"1"," ""histogram"""
"1","
"
"1","
"
"1","[[5]]
"
"1","$breaks
"
"1","  [1]"
"1"," 41.6"
"1"," 41.8"
"1"," 42.0"
"1"," 42.2"
"1"," 42.4"
"1"," 42.6"
"1"," 42.8"
"1"," 43.0"
"1"," 43.2"
"1"," 43.4"
"1"," 43.6"
"1"," 43.8"
"1"," 44.0"
"1"," 44.2"
"1"," 44.4"
"1"," 44.6"
"1"," 44.8"
"1"," 45.0"
"1"," 45.2"
"1"," 45.4"
"1"," 45.6"
"1"," 45.8"
"1"," 46.0"
"1"," 46.2"
"1"," 46.4"
"1"," 46.6"
"1"," 46.8"
"1"," 47.0"
"1"," 47.2"
"1"," 47.4"
"1"," 47.6"
"1"," 47.8"
"1"," 48.0"
"1"," 48.2"
"1"," 48.4"
"1"," 48.6"
"1"," 48.8"
"1"," 49.0"
"1","
"
"1"," [39]"
"1"," 49.2"
"1"," 49.4"
"1"," 49.6"
"1"," 49.8"
"1"," 50.0"
"1"," 50.2"
"1"," 50.4"
"1"," 50.6"
"1"," 50.8"
"1"," 51.0"
"1"," 51.2"
"1"," 51.4"
"1"," 51.6"
"1"," 51.8"
"1"," 52.0"
"1"," 52.2"
"1"," 52.4"
"1"," 52.6"
"1"," 52.8"
"1"," 53.0"
"1"," 53.2"
"1"," 53.4"
"1"," 53.6"
"1"," 53.8"
"1"," 54.0"
"1"," 54.2"
"1"," 54.4"
"1"," 54.6"
"1"," 54.8"
"1"," 55.0"
"1"," 55.2"
"1"," 55.4"
"1"," 55.6"
"1"," 55.8"
"1"," 56.0"
"1"," 56.2"
"1"," 56.4"
"1"," 56.6"
"1","
"
"1"," [77]"
"1"," 56.8"
"1"," 57.0"
"1"," 57.2"
"1"," 57.4"
"1"," 57.6"
"1"," 57.8"
"1"," 58.0"
"1"," 58.2"
"1"," 58.4"
"1"," 58.6"
"1"," 58.8"
"1"," 59.0"
"1"," 59.2"
"1"," 59.4"
"1"," 59.6"
"1"," 59.8"
"1"," 60.0"
"1"," 60.2"
"1"," 60.4"
"1"," 60.6"
"1"," 60.8"
"1"," 61.0"
"1"," 61.2"
"1"," 61.4"
"1"," 61.6"
"1"," 61.8"
"1"," 62.0"
"1"," 62.2"
"1"," 62.4"
"1"," 62.6"
"1"," 62.8"
"1"," 63.0"
"1"," 63.2"
"1"," 63.4"
"1"," 63.6"
"1"," 63.8"
"1"," 64.0"
"1"," 64.2"
"1","
"
"1","[115]"
"1"," 64.4"
"1"," 64.6"
"1"," 64.8"
"1"," 65.0"
"1"," 65.2"
"1"," 65.4"
"1"," 65.6"
"1"," 65.8"
"1"," 66.0"
"1"," 66.2"
"1"," 66.4"
"1"," 66.6"
"1"," 66.8"
"1"," 67.0"
"1"," 67.2"
"1"," 67.4"
"1"," 67.6"
"1"," 67.8"
"1"," 68.0"
"1"," 68.2"
"1"," 68.4"
"1"," 68.6"
"1"," 68.8"
"1"," 69.0"
"1"," 69.2"
"1"," 69.4"
"1"," 69.6"
"1"," 69.8"
"1"," 70.0"
"1"," 70.2"
"1"," 70.4"
"1"," 70.6"
"1"," 70.8"
"1"," 71.0"
"1"," 71.2"
"1"," 71.4"
"1"," 71.6"
"1"," 71.8"
"1","
"
"1","[153]"
"1"," 72.0"
"1"," 72.2"
"1"," 72.4"
"1"," 72.6"
"1"," 72.8"
"1"," 73.0"
"1"," 73.2"
"1","
"
"1","
"
"1","$counts
"
"1","  [1]"
"1","   1"
"1","   0"
"1","   0"
"1","   2"
"1","   4"
"1","   2"
"1","   2"
"1","   1"
"1","   2"
"1","   2"
"1","   2"
"1","   3"
"1","   1"
"1","   3"
"1","  15"
"1","   5"
"1","   5"
"1","   4"
"1","  10"
"1","   3"
"1","   2"
"1","   4"
"1","   4"
"1","   7"
"1","   3"
"1","   3"
"1","   4"
"1","   1"
"1","   4"
"1","  14"
"1","  20"
"1","  14"
"1","   7"
"1","  14"
"1","  16"
"1","  10"
"1","  24"
"1","  18"
"1","  42"
"1","  15"
"1","  25"
"1","  44"
"1","  51"
"1","  57"
"1","  73"
"1","  37"
"1","  44"
"1","
"
"1"," [48]"
"1","  36"
"1","  41"
"1","  35"
"1","  51"
"1","  56"
"1","  62"
"1","  60"
"1","  63"
"1","  83"
"1","  87"
"1","  89"
"1","  90"
"1","  98"
"1"," 102"
"1"," 104"
"1"," 156"
"1"," 167"
"1"," 175"
"1"," 178"
"1"," 154"
"1"," 175"
"1"," 223"
"1"," 223"
"1"," 263"
"1"," 263"
"1"," 227"
"1"," 224"
"1"," 200"
"1"," 324"
"1"," 260"
"1"," 290"
"1"," 312"
"1"," 309"
"1"," 326"
"1"," 294"
"1"," 330"
"1"," 358"
"1"," 411"
"1"," 455"
"1"," 475"
"1"," 412"
"1"," 489"
"1"," 534"
"1"," 558"
"1"," 519"
"1"," 414"
"1"," 398"
"1","
"
"1"," [95]"
"1"," 432"
"1"," 414"
"1"," 443"
"1"," 460"
"1"," 467"
"1"," 550"
"1"," 416"
"1"," 433"
"1"," 450"
"1"," 427"
"1"," 443"
"1"," 465"
"1"," 476"
"1"," 487"
"1"," 535"
"1"," 559"
"1"," 512"
"1"," 449"
"1"," 465"
"1"," 399"
"1"," 421"
"1"," 454"
"1"," 448"
"1"," 434"
"1"," 351"
"1"," 388"
"1"," 303"
"1"," 321"
"1"," 400"
"1"," 379"
"1"," 388"
"1"," 355"
"1"," 286"
"1"," 225"
"1"," 330"
"1"," 335"
"1"," 277"
"1"," 241"
"1"," 285"
"1"," 251"
"1"," 191"
"1"," 139"
"1"," 100"
"1"," 107"
"1"," 130"
"1"," 130"
"1"," 153"
"1","
"
"1","[142]"
"1"," 127"
"1"," 136"
"1"," 116"
"1"," 126"
"1"," 127"
"1","  78"
"1","  57"
"1","  83"
"1","  22"
"1","  21"
"1","  22"
"1","   9"
"1","  27"
"1","  18"
"1","  26"
"1","  12"
"1","   4"
"1","
"
"1","
"
"1","$density
"
"1","  [1]"
"1"," 0.0001672688"
"1"," 0.0000000000"
"1"," 0.0000000000"
"1"," 0.0003345377"
"1"," 0.0006690753"
"1"," 0.0003345377"
"1"," 0.0003345377"
"1"," 0.0001672688"
"1"," 0.0003345377"
"1"," 0.0003345377"
"1"," 0.0003345377"
"1"," 0.0005018065"
"1"," 0.0001672688"
"1"," 0.0005018065"
"1","
"
"1"," [15]"
"1"," 0.0025090325"
"1"," 0.0008363442"
"1"," 0.0008363442"
"1"," 0.0006690753"
"1"," 0.0016726883"
"1"," 0.0005018065"
"1"," 0.0003345377"
"1"," 0.0006690753"
"1"," 0.0006690753"
"1"," 0.0011708818"
"1"," 0.0005018065"
"1"," 0.0005018065"
"1"," 0.0006690753"
"1"," 0.0001672688"
"1","
"
"1"," [29]"
"1"," 0.0006690753"
"1"," 0.0023417637"
"1"," 0.0033453767"
"1"," 0.0023417637"
"1"," 0.0011708818"
"1"," 0.0023417637"
"1"," 0.0026763014"
"1"," 0.0016726883"
"1"," 0.0040144520"
"1"," 0.0030108390"
"1"," 0.0070252910"
"1"," 0.0025090325"
"1"," 0.0041817209"
"1"," 0.0073598287"
"1","
"
"1"," [43]"
"1"," 0.0085307106"
"1"," 0.0095343236"
"1"," 0.0122106249"
"1"," 0.0061889469"
"1"," 0.0073598287"
"1"," 0.0060216780"
"1"," 0.0068580222"
"1"," 0.0058544092"
"1"," 0.0085307106"
"1"," 0.0093670547"
"1"," 0.0103706677"
"1"," 0.0100361301"
"1"," 0.0105379366"
"1"," 0.0138833133"
"1","
"
"1"," [57]"
"1"," 0.0145523886"
"1"," 0.0148869263"
"1"," 0.0150541951"
"1"," 0.0163923458"
"1"," 0.0170614211"
"1"," 0.0173959588"
"1"," 0.0260939382"
"1"," 0.0279338954"
"1"," 0.0292720460"
"1"," 0.0297738525"
"1"," 0.0257594005"
"1"," 0.0292720460"
"1"," 0.0373009501"
"1"," 0.0373009501"
"1","
"
"1"," [71]"
"1"," 0.0439917035"
"1"," 0.0439917035"
"1"," 0.0379700254"
"1"," 0.0374682189"
"1"," 0.0334537669"
"1"," 0.0541951024"
"1"," 0.0434898970"
"1"," 0.0485079620"
"1"," 0.0521878764"
"1"," 0.0516860699"
"1"," 0.0545296400"
"1"," 0.0491770373"
"1"," 0.0551987154"
"1"," 0.0598822427"
"1","
"
"1"," [85]"
"1"," 0.0687474910"
"1"," 0.0761073197"
"1"," 0.0794526964"
"1"," 0.0689147598"
"1"," 0.0817944601"
"1"," 0.0893215576"
"1"," 0.0933360096"
"1"," 0.0868125251"
"1"," 0.0692492975"
"1"," 0.0665729961"
"1"," 0.0722601365"
"1"," 0.0692492975"
"1"," 0.0741000937"
"1"," 0.0769436639"
"1","
"
"1"," [99]"
"1"," 0.0781145457"
"1"," 0.0919978590"
"1"," 0.0695838351"
"1"," 0.0724274053"
"1"," 0.0752709755"
"1"," 0.0714237923"
"1"," 0.0741000937"
"1"," 0.0777800080"
"1"," 0.0796199652"
"1"," 0.0814599224"
"1"," 0.0894888264"
"1"," 0.0935032785"
"1"," 0.0856416432"
"1"," 0.0751037067"
"1","
"
"1","[113]"
"1"," 0.0777800080"
"1"," 0.0667402650"
"1"," 0.0704201793"
"1"," 0.0759400508"
"1"," 0.0749364378"
"1"," 0.0725946742"
"1"," 0.0587113609"
"1"," 0.0649003078"
"1"," 0.0506824568"
"1"," 0.0536932959"
"1"," 0.0669075338"
"1"," 0.0633948883"
"1"," 0.0649003078"
"1"," 0.0593804362"
"1","
"
"1","[127]"
"1"," 0.0478388867"
"1"," 0.0376354878"
"1"," 0.0551987154"
"1"," 0.0560350595"
"1"," 0.0463334671"
"1"," 0.0403117891"
"1"," 0.0476716178"
"1"," 0.0419844775"
"1"," 0.0319483474"
"1"," 0.0232503680"
"1"," 0.0167268834"
"1"," 0.0178977653"
"1"," 0.0217449485"
"1"," 0.0217449485"
"1","
"
"1","[141]"
"1"," 0.0255921317"
"1"," 0.0212431420"
"1"," 0.0227485615"
"1"," 0.0194031848"
"1"," 0.0210758731"
"1"," 0.0212431420"
"1"," 0.0130469691"
"1"," 0.0095343236"
"1"," 0.0138833133"
"1"," 0.0036799144"
"1"," 0.0035126455"
"1"," 0.0036799144"
"1"," 0.0015054195"
"1"," 0.0045162585"
"1","
"
"1","[155]"
"1"," 0.0030108390"
"1"," 0.0043489897"
"1"," 0.0020072260"
"1"," 0.0006690753"
"1","
"
"1","
"
"1","$mids
"
"1","  [1]"
"1"," 41.7"
"1"," 41.9"
"1"," 42.1"
"1"," 42.3"
"1"," 42.5"
"1"," 42.7"
"1"," 42.9"
"1"," 43.1"
"1"," 43.3"
"1"," 43.5"
"1"," 43.7"
"1"," 43.9"
"1"," 44.1"
"1"," 44.3"
"1"," 44.5"
"1"," 44.7"
"1"," 44.9"
"1"," 45.1"
"1"," 45.3"
"1"," 45.5"
"1"," 45.7"
"1"," 45.9"
"1"," 46.1"
"1"," 46.3"
"1"," 46.5"
"1"," 46.7"
"1"," 46.9"
"1"," 47.1"
"1"," 47.3"
"1"," 47.5"
"1"," 47.7"
"1"," 47.9"
"1"," 48.1"
"1"," 48.3"
"1"," 48.5"
"1"," 48.7"
"1"," 48.9"
"1"," 49.1"
"1","
"
"1"," [39]"
"1"," 49.3"
"1"," 49.5"
"1"," 49.7"
"1"," 49.9"
"1"," 50.1"
"1"," 50.3"
"1"," 50.5"
"1"," 50.7"
"1"," 50.9"
"1"," 51.1"
"1"," 51.3"
"1"," 51.5"
"1"," 51.7"
"1"," 51.9"
"1"," 52.1"
"1"," 52.3"
"1"," 52.5"
"1"," 52.7"
"1"," 52.9"
"1"," 53.1"
"1"," 53.3"
"1"," 53.5"
"1"," 53.7"
"1"," 53.9"
"1"," 54.1"
"1"," 54.3"
"1"," 54.5"
"1"," 54.7"
"1"," 54.9"
"1"," 55.1"
"1"," 55.3"
"1"," 55.5"
"1"," 55.7"
"1"," 55.9"
"1"," 56.1"
"1"," 56.3"
"1"," 56.5"
"1"," 56.7"
"1","
"
"1"," [77]"
"1"," 56.9"
"1"," 57.1"
"1"," 57.3"
"1"," 57.5"
"1"," 57.7"
"1"," 57.9"
"1"," 58.1"
"1"," 58.3"
"1"," 58.5"
"1"," 58.7"
"1"," 58.9"
"1"," 59.1"
"1"," 59.3"
"1"," 59.5"
"1"," 59.7"
"1"," 59.9"
"1"," 60.1"
"1"," 60.3"
"1"," 60.5"
"1"," 60.7"
"1"," 60.9"
"1"," 61.1"
"1"," 61.3"
"1"," 61.5"
"1"," 61.7"
"1"," 61.9"
"1"," 62.1"
"1"," 62.3"
"1"," 62.5"
"1"," 62.7"
"1"," 62.9"
"1"," 63.1"
"1"," 63.3"
"1"," 63.5"
"1"," 63.7"
"1"," 63.9"
"1"," 64.1"
"1"," 64.3"
"1","
"
"1","[115]"
"1"," 64.5"
"1"," 64.7"
"1"," 64.9"
"1"," 65.1"
"1"," 65.3"
"1"," 65.5"
"1"," 65.7"
"1"," 65.9"
"1"," 66.1"
"1"," 66.3"
"1"," 66.5"
"1"," 66.7"
"1"," 66.9"
"1"," 67.1"
"1"," 67.3"
"1"," 67.5"
"1"," 67.7"
"1"," 67.9"
"1"," 68.1"
"1"," 68.3"
"1"," 68.5"
"1"," 68.7"
"1"," 68.9"
"1"," 69.1"
"1"," 69.3"
"1"," 69.5"
"1"," 69.7"
"1"," 69.9"
"1"," 70.1"
"1"," 70.3"
"1"," 70.5"
"1"," 70.7"
"1"," 70.9"
"1"," 71.1"
"1"," 71.3"
"1"," 71.5"
"1"," 71.7"
"1"," 71.9"
"1","
"
"1","[153]"
"1"," 72.1"
"1"," 72.3"
"1"," 72.5"
"1"," 72.7"
"1"," 72.9"
"1"," 73.1"
"1","
"
"1","
"
"1","$xname
"
"1","[1]"
"1"," ""data_for_iterat[[x]]"""
"1","
"
"1","
"
"1","$equidist
"
"1","[1]"
"1"," TRUE"
"1","
"
"1","
"
"1","attr(,""class"")"
"1","
"
"1","[1]"
"1"," ""histogram"""
"1","
"
"1","
"
"1","[[6]]
"
"1","$breaks
"
"1","  [1]"
"1","       0"
"1","   20000"
"1","   40000"
"1","   60000"
"1","   80000"
"1","  100000"
"1","  120000"
"1","  140000"
"1","  160000"
"1","  180000"
"1","  200000"
"1","  220000"
"1","  240000"
"1","  260000"
"1","  280000"
"1","  300000"
"1","  320000"
"1","  340000"
"1","  360000"
"1","  380000"
"1","  400000"
"1","  420000"
"1","  440000"
"1","
"
"1"," [24]"
"1","  460000"
"1","  480000"
"1","  500000"
"1","  520000"
"1","  540000"
"1","  560000"
"1","  580000"
"1","  600000"
"1","  620000"
"1","  640000"
"1","  660000"
"1","  680000"
"1","  700000"
"1","  720000"
"1","  740000"
"1","  760000"
"1","  780000"
"1","  800000"
"1","  820000"
"1","  840000"
"1","  860000"
"1","  880000"
"1","  900000"
"1","
"
"1"," [47]"
"1","  920000"
"1","  940000"
"1","  960000"
"1","  980000"
"1"," 1000000"
"1"," 1020000"
"1"," 1040000"
"1"," 1060000"
"1"," 1080000"
"1"," 1100000"
"1"," 1120000"
"1"," 1140000"
"1"," 1160000"
"1"," 1180000"
"1"," 1200000"
"1"," 1220000"
"1"," 1240000"
"1"," 1260000"
"1"," 1280000"
"1"," 1300000"
"1"," 1320000"
"1"," 1340000"
"1"," 1360000"
"1","
"
"1"," [70]"
"1"," 1380000"
"1"," 1400000"
"1"," 1420000"
"1"," 1440000"
"1"," 1460000"
"1"," 1480000"
"1"," 1500000"
"1"," 1520000"
"1"," 1540000"
"1"," 1560000"
"1"," 1580000"
"1"," 1600000"
"1"," 1620000"
"1"," 1640000"
"1"," 1660000"
"1"," 1680000"
"1"," 1700000"
"1"," 1720000"
"1"," 1740000"
"1"," 1760000"
"1"," 1780000"
"1"," 1800000"
"1"," 1820000"
"1","
"
"1"," [93]"
"1"," 1840000"
"1"," 1860000"
"1"," 1880000"
"1"," 1900000"
"1"," 1920000"
"1"," 1940000"
"1"," 1960000"
"1"," 1980000"
"1"," 2000000"
"1"," 2020000"
"1"," 2040000"
"1"," 2060000"
"1"," 2080000"
"1"," 2100000"
"1"," 2120000"
"1"," 2140000"
"1"," 2160000"
"1"," 2180000"
"1"," 2200000"
"1"," 2220000"
"1"," 2240000"
"1"," 2260000"
"1"," 2280000"
"1","
"
"1","[116]"
"1"," 2300000"
"1"," 2320000"
"1"," 2340000"
"1"," 2360000"
"1"," 2380000"
"1"," 2400000"
"1"," 2420000"
"1"," 2440000"
"1"," 2460000"
"1"," 2480000"
"1"," 2500000"
"1"," 2520000"
"1"," 2540000"
"1"," 2560000"
"1"," 2580000"
"1"," 2600000"
"1"," 2620000"
"1"," 2640000"
"1"," 2660000"
"1"," 2680000"
"1"," 2700000"
"1"," 2720000"
"1"," 2740000"
"1","
"
"1","[139]"
"1"," 2760000"
"1"," 2780000"
"1"," 2800000"
"1"," 2820000"
"1"," 2840000"
"1"," 2860000"
"1"," 2880000"
"1"," 2900000"
"1"," 2920000"
"1"," 2940000"
"1"," 2960000"
"1"," 2980000"
"1"," 3000000"
"1"," 3020000"
"1","
"
"1","
"
"1","$counts
"
"1","  [1]"
"1"," 3174"
"1"," 4667"
"1"," 2348"
"1"," 2119"
"1"," 2176"
"1"," 2078"
"1"," 1830"
"1"," 1560"
"1"," 1299"
"1","  828"
"1","  677"
"1","  671"
"1","  617"
"1","  537"
"1","  597"
"1","  463"
"1","  455"
"1","  365"
"1","  287"
"1","  253"
"1","  218"
"1","  210"
"1","  187"
"1","  160"
"1","  191"
"1","  150"
"1","  108"
"1","  130"
"1","  112"
"1","  142"
"1","  111"
"1","   67"
"1","   83"
"1","   69"
"1","   62"
"1","   47"
"1","   45"
"1","   53"
"1","
"
"1"," [39]"
"1","   41"
"1","   43"
"1","   40"
"1","   65"
"1","   37"
"1","   32"
"1","   32"
"1","   27"
"1","   25"
"1","   25"
"1","   27"
"1","   34"
"1","   24"
"1","   13"
"1","   18"
"1","    8"
"1","   15"
"1","    7"
"1","   11"
"1","    8"
"1","   15"
"1","   20"
"1","   19"
"1","    4"
"1","    6"
"1","    6"
"1","    5"
"1","    5"
"1","    5"
"1","    7"
"1","    3"
"1","    5"
"1","    6"
"1","    8"
"1","    4"
"1","    5"
"1","   10"
"1","    1"
"1","
"
"1"," [77]"
"1","    2"
"1","    1"
"1","    3"
"1","    1"
"1","    4"
"1","    2"
"1","    1"
"1","    1"
"1","    3"
"1","    3"
"1","    2"
"1","    1"
"1","    1"
"1","    1"
"1","    2"
"1","    1"
"1","    1"
"1","    1"
"1","    1"
"1","    2"
"1","    0"
"1","    1"
"1","    1"
"1","    2"
"1","    1"
"1","    2"
"1","    2"
"1","    0"
"1","    2"
"1","    1"
"1","    1"
"1","    1"
"1","    2"
"1","    2"
"1","    6"
"1","    2"
"1","    3"
"1","    5"
"1","
"
"1","[115]"
"1","    5"
"1","    3"
"1","    0"
"1","    0"
"1","    0"
"1","    0"
"1","    0"
"1","    0"
"1","    0"
"1","    0"
"1","    0"
"1","    1"
"1","    0"
"1","    0"
"1","    0"
"1","    0"
"1","    0"
"1","    1"
"1","    0"
"1","    0"
"1","    0"
"1","    0"
"1","    0"
"1","    0"
"1","    0"
"1","    0"
"1","    0"
"1","    0"
"1","    0"
"1","    0"
"1","    0"
"1","    0"
"1","    1"
"1","    0"
"1","    0"
"1","    0"
"1","    1"
"1","
"
"1","
"
"1","$density
"
"1","  [1]"
"1"," 5.309113e-06"
"1"," 7.806437e-06"
"1"," 3.927472e-06"
"1"," 3.544427e-06"
"1"," 3.639770e-06"
"1"," 3.475846e-06"
"1"," 3.061020e-06"
"1"," 2.609394e-06"
"1"," 2.172822e-06"
"1"," 1.384986e-06"
"1"," 1.132410e-06"
"1"," 1.122374e-06"
"1"," 1.032049e-06"
"1"," 8.982336e-07"
"1","
"
"1"," [15]"
"1"," 9.985949e-07"
"1"," 7.744547e-07"
"1"," 7.610732e-07"
"1"," 6.105312e-07"
"1"," 4.800616e-07"
"1"," 4.231902e-07"
"1"," 3.646461e-07"
"1"," 3.512646e-07"
"1"," 3.127927e-07"
"1"," 2.676301e-07"
"1"," 3.194835e-07"
"1"," 2.509033e-07"
"1"," 1.806503e-07"
"1"," 2.174495e-07"
"1","
"
"1"," [29]"
"1"," 1.873411e-07"
"1"," 2.375217e-07"
"1"," 1.856684e-07"
"1"," 1.120701e-07"
"1"," 1.388331e-07"
"1"," 1.154155e-07"
"1"," 1.037067e-07"
"1"," 7.861635e-08"
"1"," 7.527098e-08"
"1"," 8.865248e-08"
"1"," 6.858022e-08"
"1"," 7.192560e-08"
"1"," 6.690753e-08"
"1"," 1.087247e-07"
"1","
"
"1"," [43]"
"1"," 6.188947e-08"
"1"," 5.352603e-08"
"1"," 5.352603e-08"
"1"," 4.516259e-08"
"1"," 4.181721e-08"
"1"," 4.181721e-08"
"1"," 4.516259e-08"
"1"," 5.687140e-08"
"1"," 4.014452e-08"
"1"," 2.174495e-08"
"1"," 3.010839e-08"
"1"," 1.338151e-08"
"1"," 2.509033e-08"
"1"," 1.170882e-08"
"1","
"
"1"," [57]"
"1"," 1.839957e-08"
"1"," 1.338151e-08"
"1"," 2.509033e-08"
"1"," 3.345377e-08"
"1"," 3.178108e-08"
"1"," 6.690753e-09"
"1"," 1.003613e-08"
"1"," 1.003613e-08"
"1"," 8.363442e-09"
"1"," 8.363442e-09"
"1"," 8.363442e-09"
"1"," 1.170882e-08"
"1"," 5.018065e-09"
"1"," 8.363442e-09"
"1","
"
"1"," [71]"
"1"," 1.003613e-08"
"1"," 1.338151e-08"
"1"," 6.690753e-09"
"1"," 8.363442e-09"
"1"," 1.672688e-08"
"1"," 1.672688e-09"
"1"," 3.345377e-09"
"1"," 1.672688e-09"
"1"," 5.018065e-09"
"1"," 1.672688e-09"
"1"," 6.690753e-09"
"1"," 3.345377e-09"
"1"," 1.672688e-09"
"1"," 1.672688e-09"
"1","
"
"1"," [85]"
"1"," 5.018065e-09"
"1"," 5.018065e-09"
"1"," 3.345377e-09"
"1"," 1.672688e-09"
"1"," 1.672688e-09"
"1"," 1.672688e-09"
"1"," 3.345377e-09"
"1"," 1.672688e-09"
"1"," 1.672688e-09"
"1"," 1.672688e-09"
"1"," 1.672688e-09"
"1"," 3.345377e-09"
"1"," 0.000000e+00"
"1"," 1.672688e-09"
"1","
"
"1"," [99]"
"1"," 1.672688e-09"
"1"," 3.345377e-09"
"1"," 1.672688e-09"
"1"," 3.345377e-09"
"1"," 3.345377e-09"
"1"," 0.000000e+00"
"1"," 3.345377e-09"
"1"," 1.672688e-09"
"1"," 1.672688e-09"
"1"," 1.672688e-09"
"1"," 3.345377e-09"
"1"," 3.345377e-09"
"1"," 1.003613e-08"
"1"," 3.345377e-09"
"1","
"
"1","[113]"
"1"," 5.018065e-09"
"1"," 8.363442e-09"
"1"," 8.363442e-09"
"1"," 5.018065e-09"
"1"," 0.000000e+00"
"1"," 0.000000e+00"
"1"," 0.000000e+00"
"1"," 0.000000e+00"
"1"," 0.000000e+00"
"1"," 0.000000e+00"
"1"," 0.000000e+00"
"1"," 0.000000e+00"
"1"," 0.000000e+00"
"1"," 1.672688e-09"
"1","
"
"1","[127]"
"1"," 0.000000e+00"
"1"," 0.000000e+00"
"1"," 0.000000e+00"
"1"," 0.000000e+00"
"1"," 0.000000e+00"
"1"," 1.672688e-09"
"1"," 0.000000e+00"
"1"," 0.000000e+00"
"1"," 0.000000e+00"
"1"," 0.000000e+00"
"1"," 0.000000e+00"
"1"," 0.000000e+00"
"1"," 0.000000e+00"
"1"," 0.000000e+00"
"1","
"
"1","[141]"
"1"," 0.000000e+00"
"1"," 0.000000e+00"
"1"," 0.000000e+00"
"1"," 0.000000e+00"
"1"," 0.000000e+00"
"1"," 0.000000e+00"
"1"," 1.672688e-09"
"1"," 0.000000e+00"
"1"," 0.000000e+00"
"1"," 0.000000e+00"
"1"," 1.672688e-09"
"1","
"
"1","
"
"1","$mids
"
"1","  [1]"
"1","   10000"
"1","   30000"
"1","   50000"
"1","   70000"
"1","   90000"
"1","  110000"
"1","  130000"
"1","  150000"
"1","  170000"
"1","  190000"
"1","  210000"
"1","  230000"
"1","  250000"
"1","  270000"
"1","  290000"
"1","  310000"
"1","  330000"
"1","  350000"
"1","  370000"
"1","  390000"
"1","  410000"
"1","  430000"
"1","  450000"
"1","
"
"1"," [24]"
"1","  470000"
"1","  490000"
"1","  510000"
"1","  530000"
"1","  550000"
"1","  570000"
"1","  590000"
"1","  610000"
"1","  630000"
"1","  650000"
"1","  670000"
"1","  690000"
"1","  710000"
"1","  730000"
"1","  750000"
"1","  770000"
"1","  790000"
"1","  810000"
"1","  830000"
"1","  850000"
"1","  870000"
"1","  890000"
"1","  910000"
"1","
"
"1"," [47]"
"1","  930000"
"1","  950000"
"1","  970000"
"1","  990000"
"1"," 1010000"
"1"," 1030000"
"1"," 1050000"
"1"," 1070000"
"1"," 1090000"
"1"," 1110000"
"1"," 1130000"
"1"," 1150000"
"1"," 1170000"
"1"," 1190000"
"1"," 1210000"
"1"," 1230000"
"1"," 1250000"
"1"," 1270000"
"1"," 1290000"
"1"," 1310000"
"1"," 1330000"
"1"," 1350000"
"1"," 1370000"
"1","
"
"1"," [70]"
"1"," 1390000"
"1"," 1410000"
"1"," 1430000"
"1"," 1450000"
"1"," 1470000"
"1"," 1490000"
"1"," 1510000"
"1"," 1530000"
"1"," 1550000"
"1"," 1570000"
"1"," 1590000"
"1"," 1610000"
"1"," 1630000"
"1"," 1650000"
"1"," 1670000"
"1"," 1690000"
"1"," 1710000"
"1"," 1730000"
"1"," 1750000"
"1"," 1770000"
"1"," 1790000"
"1"," 1810000"
"1"," 1830000"
"1","
"
"1"," [93]"
"1"," 1850000"
"1"," 1870000"
"1"," 1890000"
"1"," 1910000"
"1"," 1930000"
"1"," 1950000"
"1"," 1970000"
"1"," 1990000"
"1"," 2010000"
"1"," 2030000"
"1"," 2050000"
"1"," 2070000"
"1"," 2090000"
"1"," 2110000"
"1"," 2130000"
"1"," 2150000"
"1"," 2170000"
"1"," 2190000"
"1"," 2210000"
"1"," 2230000"
"1"," 2250000"
"1"," 2270000"
"1"," 2290000"
"1","
"
"1","[116]"
"1"," 2310000"
"1"," 2330000"
"1"," 2350000"
"1"," 2370000"
"1"," 2390000"
"1"," 2410000"
"1"," 2430000"
"1"," 2450000"
"1"," 2470000"
"1"," 2490000"
"1"," 2510000"
"1"," 2530000"
"1"," 2550000"
"1"," 2570000"
"1"," 2590000"
"1"," 2610000"
"1"," 2630000"
"1"," 2650000"
"1"," 2670000"
"1"," 2690000"
"1"," 2710000"
"1"," 2730000"
"1"," 2750000"
"1","
"
"1","[139]"
"1"," 2770000"
"1"," 2790000"
"1"," 2810000"
"1"," 2830000"
"1"," 2850000"
"1"," 2870000"
"1"," 2890000"
"1"," 2910000"
"1"," 2930000"
"1"," 2950000"
"1"," 2970000"
"1"," 2990000"
"1"," 3010000"
"1","
"
"1","
"
"1","$xname
"
"1","[1]"
"1"," ""data_for_iterat[[x]]"""
"1","
"
"1","
"
"1","$equidist
"
"1","[1]"
"1"," TRUE"
"1","
"
"1","
"
"1","attr(,""class"")"
"1","
"
"1","[1]"
"1"," ""histogram"""
"1","
"
"1","
"
"1","[[7]]
"
"1","$breaks
"
"1","  [1]"
"1","  1.8"
"1","  2.0"
"1","  2.2"
"1","  2.4"
"1","  2.6"
"1","  2.8"
"1","  3.0"
"1","  3.2"
"1","  3.4"
"1","  3.6"
"1","  3.8"
"1","  4.0"
"1","  4.2"
"1","  4.4"
"1","  4.6"
"1","  4.8"
"1","  5.0"
"1","  5.2"
"1","  5.4"
"1","  5.6"
"1","  5.8"
"1","  6.0"
"1","  6.2"
"1","  6.4"
"1","  6.6"
"1","  6.8"
"1","  7.0"
"1","  7.2"
"1","  7.4"
"1","  7.6"
"1","  7.8"
"1","  8.0"
"1","  8.2"
"1","  8.4"
"1","  8.6"
"1","  8.8"
"1","  9.0"
"1","  9.2"
"1","
"
"1"," [39]"
"1","  9.4"
"1","  9.6"
"1","  9.8"
"1"," 10.0"
"1"," 10.2"
"1"," 10.4"
"1"," 10.6"
"1"," 10.8"
"1"," 11.0"
"1"," 11.2"
"1"," 11.4"
"1"," 11.6"
"1"," 11.8"
"1"," 12.0"
"1"," 12.2"
"1"," 12.4"
"1"," 12.6"
"1"," 12.8"
"1"," 13.0"
"1"," 13.2"
"1"," 13.4"
"1"," 13.6"
"1"," 13.8"
"1"," 14.0"
"1"," 14.2"
"1"," 14.4"
"1"," 14.6"
"1"," 14.8"
"1"," 15.0"
"1"," 15.2"
"1"," 15.4"
"1"," 15.6"
"1"," 15.8"
"1"," 16.0"
"1"," 16.2"
"1"," 16.4"
"1"," 16.6"
"1"," 16.8"
"1","
"
"1"," [77]"
"1"," 17.0"
"1"," 17.2"
"1"," 17.4"
"1"," 17.6"
"1"," 17.8"
"1"," 18.0"
"1"," 18.2"
"1"," 18.4"
"1"," 18.6"
"1"," 18.8"
"1"," 19.0"
"1"," 19.2"
"1"," 19.4"
"1"," 19.6"
"1"," 19.8"
"1"," 20.0"
"1"," 20.2"
"1"," 20.4"
"1"," 20.6"
"1"," 20.8"
"1"," 21.0"
"1"," 21.2"
"1"," 21.4"
"1"," 21.6"
"1"," 21.8"
"1"," 22.0"
"1"," 22.2"
"1"," 22.4"
"1"," 22.6"
"1"," 22.8"
"1"," 23.0"
"1"," 23.2"
"1"," 23.4"
"1"," 23.6"
"1"," 23.8"
"1"," 24.0"
"1"," 24.2"
"1"," 24.4"
"1","
"
"1","[115]"
"1"," 24.6"
"1"," 24.8"
"1"," 25.0"
"1"," 25.2"
"1"," 25.4"
"1"," 25.6"
"1"," 25.8"
"1"," 26.0"
"1"," 26.2"
"1"," 26.4"
"1"," 26.6"
"1"," 26.8"
"1"," 27.0"
"1"," 27.2"
"1"," 27.4"
"1"," 27.6"
"1"," 27.8"
"1"," 28.0"
"1"," 28.2"
"1"," 28.4"
"1"," 28.6"
"1"," 28.8"
"1"," 29.0"
"1"," 29.2"
"1"," 29.4"
"1"," 29.6"
"1"," 29.8"
"1"," 30.0"
"1"," 30.2"
"1"," 30.4"
"1"," 30.6"
"1","
"
"1","
"
"1","$counts
"
"1","  [1]"
"1","   26"
"1","   87"
"1","  152"
"1","  314"
"1","  520"
"1","  644"
"1","  705"
"1","  716"
"1","  855"
"1","  875"
"1"," 1010"
"1"," 1032"
"1"," 1229"
"1"," 1214"
"1"," 1221"
"1"," 1252"
"1"," 1237"
"1"," 1291"
"1"," 1210"
"1"," 1065"
"1"," 1028"
"1","  937"
"1","  977"
"1","  842"
"1","  856"
"1","  827"
"1","  743"
"1","  686"
"1","  556"
"1","  528"
"1","  494"
"1","  435"
"1","  440"
"1","  445"
"1","  371"
"1","  367"
"1","  316"
"1","  273"
"1","
"
"1"," [39]"
"1","  231"
"1","  198"
"1","  199"
"1","  165"
"1","  158"
"1","  154"
"1","  128"
"1","  113"
"1","  116"
"1","   87"
"1","   73"
"1","   65"
"1","   52"
"1","   40"
"1","   54"
"1","   45"
"1","   31"
"1","   16"
"1","   13"
"1","   19"
"1","   17"
"1","   25"
"1","   13"
"1","   10"
"1","   12"
"1","    3"
"1","    7"
"1","    7"
"1","    3"
"1","    4"
"1","    6"
"1","    4"
"1","    3"
"1","    3"
"1","    3"
"1","    9"
"1","    2"
"1","    3"
"1","
"
"1"," [77]"
"1","    1"
"1","    3"
"1","    2"
"1","    2"
"1","    4"
"1","    1"
"1","    3"
"1","    0"
"1","    2"
"1","    0"
"1","    1"
"1","    0"
"1","    0"
"1","    0"
"1","    0"
"1","    0"
"1","    0"
"1","    0"
"1","    1"
"1","    0"
"1","    0"
"1","    1"
"1","    0"
"1","    0"
"1","    0"
"1","    0"
"1","    0"
"1","    2"
"1","    0"
"1","    0"
"1","    0"
"1","    0"
"1","    0"
"1","    0"
"1","    0"
"1","    0"
"1","    0"
"1","    0"
"1","
"
"1","[115]"
"1","    1"
"1","    0"
"1","    0"
"1","    0"
"1","    0"
"1","    0"
"1","    0"
"1","    0"
"1","    0"
"1","    0"
"1","    0"
"1","    0"
"1","    0"
"1","    0"
"1","    0"
"1","    0"
"1","    0"
"1","    0"
"1","    0"
"1","    0"
"1","    0"
"1","    0"
"1","    0"
"1","    0"
"1","    0"
"1","    0"
"1","    0"
"1","    0"
"1","    0"
"1","    1"
"1","
"
"1","
"
"1","$density
"
"1","  [1]"
"1"," 0.0043489897"
"1"," 0.0145523886"
"1"," 0.0254248628"
"1"," 0.0525224140"
"1"," 0.0869797939"
"1"," 0.1077211294"
"1"," 0.1179245283"
"1"," 0.1197644855"
"1"," 0.1430148535"
"1"," 0.1463602302"
"1"," 0.1689415228"
"1"," 0.1726214372"
"1"," 0.2055733976"
"1"," 0.2030643650"
"1","
"
"1"," [15]"
"1"," 0.2042352469"
"1"," 0.2094205808"
"1"," 0.2069115482"
"1"," 0.2159440653"
"1"," 0.2023952897"
"1"," 0.1781413087"
"1"," 0.1719523618"
"1"," 0.1567308979"
"1"," 0.1634216513"
"1"," 0.1408403586"
"1"," 0.1431821223"
"1"," 0.1383313261"
"1"," 0.1242807440"
"1"," 0.1147464204"
"1","
"
"1"," [29]"
"1"," 0.0930014720"
"1"," 0.0883179446"
"1"," 0.0826308042"
"1"," 0.0727619430"
"1"," 0.0735982872"
"1"," 0.0744346313"
"1"," 0.0620567376"
"1"," 0.0613876623"
"1"," 0.0528569517"
"1"," 0.0456643918"
"1"," 0.0386391008"
"1"," 0.0331192292"
"1"," 0.0332864981"
"1"," 0.0275993577"
"1","
"
"1"," [43]"
"1"," 0.0264284758"
"1"," 0.0257594005"
"1"," 0.0214104108"
"1"," 0.0189013783"
"1"," 0.0194031848"
"1"," 0.0145523886"
"1"," 0.0122106249"
"1"," 0.0108724742"
"1"," 0.0086979794"
"1"," 0.0066907534"
"1"," 0.0090325171"
"1"," 0.0075270976"
"1"," 0.0051853339"
"1"," 0.0026763014"
"1","
"
"1"," [57]"
"1"," 0.0021744948"
"1"," 0.0031781079"
"1"," 0.0028435702"
"1"," 0.0041817209"
"1"," 0.0021744948"
"1"," 0.0016726883"
"1"," 0.0020072260"
"1"," 0.0005018065"
"1"," 0.0011708818"
"1"," 0.0011708818"
"1"," 0.0005018065"
"1"," 0.0006690753"
"1"," 0.0010036130"
"1"," 0.0006690753"
"1","
"
"1"," [71]"
"1"," 0.0005018065"
"1"," 0.0005018065"
"1"," 0.0005018065"
"1"," 0.0015054195"
"1"," 0.0003345377"
"1"," 0.0005018065"
"1"," 0.0001672688"
"1"," 0.0005018065"
"1"," 0.0003345377"
"1"," 0.0003345377"
"1"," 0.0006690753"
"1"," 0.0001672688"
"1"," 0.0005018065"
"1"," 0.0000000000"
"1","
"
"1"," [85]"
"1"," 0.0003345377"
"1"," 0.0000000000"
"1"," 0.0001672688"
"1"," 0.0000000000"
"1"," 0.0000000000"
"1"," 0.0000000000"
"1"," 0.0000000000"
"1"," 0.0000000000"
"1"," 0.0000000000"
"1"," 0.0000000000"
"1"," 0.0001672688"
"1"," 0.0000000000"
"1"," 0.0000000000"
"1"," 0.0001672688"
"1","
"
"1"," [99]"
"1"," 0.0000000000"
"1"," 0.0000000000"
"1"," 0.0000000000"
"1"," 0.0000000000"
"1"," 0.0000000000"
"1"," 0.0003345377"
"1"," 0.0000000000"
"1"," 0.0000000000"
"1"," 0.0000000000"
"1"," 0.0000000000"
"1"," 0.0000000000"
"1"," 0.0000000000"
"1"," 0.0000000000"
"1"," 0.0000000000"
"1","
"
"1","[113]"
"1"," 0.0000000000"
"1"," 0.0000000000"
"1"," 0.0001672688"
"1"," 0.0000000000"
"1"," 0.0000000000"
"1"," 0.0000000000"
"1"," 0.0000000000"
"1"," 0.0000000000"
"1"," 0.0000000000"
"1"," 0.0000000000"
"1"," 0.0000000000"
"1"," 0.0000000000"
"1"," 0.0000000000"
"1"," 0.0000000000"
"1","
"
"1","[127]"
"1"," 0.0000000000"
"1"," 0.0000000000"
"1"," 0.0000000000"
"1"," 0.0000000000"
"1"," 0.0000000000"
"1"," 0.0000000000"
"1"," 0.0000000000"
"1"," 0.0000000000"
"1"," 0.0000000000"
"1"," 0.0000000000"
"1"," 0.0000000000"
"1"," 0.0000000000"
"1"," 0.0000000000"
"1"," 0.0000000000"
"1","
"
"1","[141]"
"1"," 0.0000000000"
"1"," 0.0000000000"
"1"," 0.0000000000"
"1"," 0.0001672688"
"1","
"
"1","
"
"1","$mids
"
"1","  [1]"
"1","  1.9"
"1","  2.1"
"1","  2.3"
"1","  2.5"
"1","  2.7"
"1","  2.9"
"1","  3.1"
"1","  3.3"
"1","  3.5"
"1","  3.7"
"1","  3.9"
"1","  4.1"
"1","  4.3"
"1","  4.5"
"1","  4.7"
"1","  4.9"
"1","  5.1"
"1","  5.3"
"1","  5.5"
"1","  5.7"
"1","  5.9"
"1","  6.1"
"1","  6.3"
"1","  6.5"
"1","  6.7"
"1","  6.9"
"1","  7.1"
"1","  7.3"
"1","  7.5"
"1","  7.7"
"1","  7.9"
"1","  8.1"
"1","  8.3"
"1","  8.5"
"1","  8.7"
"1","  8.9"
"1","  9.1"
"1","  9.3"
"1","
"
"1"," [39]"
"1","  9.5"
"1","  9.7"
"1","  9.9"
"1"," 10.1"
"1"," 10.3"
"1"," 10.5"
"1"," 10.7"
"1"," 10.9"
"1"," 11.1"
"1"," 11.3"
"1"," 11.5"
"1"," 11.7"
"1"," 11.9"
"1"," 12.1"
"1"," 12.3"
"1"," 12.5"
"1"," 12.7"
"1"," 12.9"
"1"," 13.1"
"1"," 13.3"
"1"," 13.5"
"1"," 13.7"
"1"," 13.9"
"1"," 14.1"
"1"," 14.3"
"1"," 14.5"
"1"," 14.7"
"1"," 14.9"
"1"," 15.1"
"1"," 15.3"
"1"," 15.5"
"1"," 15.7"
"1"," 15.9"
"1"," 16.1"
"1"," 16.3"
"1"," 16.5"
"1"," 16.7"
"1"," 16.9"
"1","
"
"1"," [77]"
"1"," 17.1"
"1"," 17.3"
"1"," 17.5"
"1"," 17.7"
"1"," 17.9"
"1"," 18.1"
"1"," 18.3"
"1"," 18.5"
"1"," 18.7"
"1"," 18.9"
"1"," 19.1"
"1"," 19.3"
"1"," 19.5"
"1"," 19.7"
"1"," 19.9"
"1"," 20.1"
"1"," 20.3"
"1"," 20.5"
"1"," 20.7"
"1"," 20.9"
"1"," 21.1"
"1"," 21.3"
"1"," 21.5"
"1"," 21.7"
"1"," 21.9"
"1"," 22.1"
"1"," 22.3"
"1"," 22.5"
"1"," 22.7"
"1"," 22.9"
"1"," 23.1"
"1"," 23.3"
"1"," 23.5"
"1"," 23.7"
"1"," 23.9"
"1"," 24.1"
"1"," 24.3"
"1"," 24.5"
"1","
"
"1","[115]"
"1"," 24.7"
"1"," 24.9"
"1"," 25.1"
"1"," 25.3"
"1"," 25.5"
"1"," 25.7"
"1"," 25.9"
"1"," 26.1"
"1"," 26.3"
"1"," 26.5"
"1"," 26.7"
"1"," 26.9"
"1"," 27.1"
"1"," 27.3"
"1"," 27.5"
"1"," 27.7"
"1"," 27.9"
"1"," 28.1"
"1"," 28.3"
"1"," 28.5"
"1"," 28.7"
"1"," 28.9"
"1"," 29.1"
"1"," 29.3"
"1"," 29.5"
"1"," 29.7"
"1"," 29.9"
"1"," 30.1"
"1"," 30.3"
"1"," 30.5"
"1","
"
"1","
"
"1","$xname
"
"1","[1]"
"1"," ""data_for_iterat[[x]]"""
"1","
"
"1","
"
"1","$equidist
"
"1","[1]"
"1"," TRUE"
"1","
"
"1","
"
"1","attr(,""class"")"
"1","
"
"1","[1]"
"1"," ""histogram"""
"1","
"
"1","
"
